관리청명,적설취약구간명,시점 위도,시점 경도,종점 위도,종점 경도,도로분류명,도로취약유형명,총도로길이_km
부산광역시 부산진구,엄광로2~진사로91,35.1481879,129.0164178,35.1433878,129.0165231,구도,급경사,0.58
부산광역시 금정구,산성로,35.2316866,129.0760926,35.2512161,129.0458728,지방도,산악지대,7
충청남도 천안시,수곡로,36.7906526,127.1202767,36.790032,127.1218751,지방도,기타,0.4
충청남도 서산시,취개고개,36.7234683,126.4047192,36.7179674,126.3926533,지방도,고갯길,1.5
경상북도 포항시 남구,도시계획도,36.0069607,129.3277215,36.004539,129.3195312,일반국도,고갯길,1.6
충청남도 서산시,도시계획도로,36.7860466,126.4519988,36.7887775,126.4561785,시도,고갯길,0.8
부산광역시 영도구,와치로161번길,35.0809991,129.0666802,35.0808945,129.06541,지방도,급경사,0.13
부산광역시 영도구,찬새미길,35.0935698,129.0526897,35.092491,129.0537402,지방도,급경사,0.14
부산광역시 영도구,일산봉로,35.0844383,129.0653775,35.0827514,129.0628913,지방도,급경사,0.31
충청북도 진천군,군도 3호선,36.8218668,127.4857294,36.8269572,127.4884502,군도,고갯길,2
경상북도 영주시,군도3호선,36.9917645,128.5710812,37.0388226,128.6043237,군도,기타,7
부산광역시 부산진구,복지로85~복지로115,35.1455962,129.0196253,35.1429031,129.0188654,구도,급경사,0.35
충청남도 서산시,고남저수지(지방도634호),36.8202804,126.4237365,36.8196233,126.4277184,지방도,기타,1
부산광역시 영도구,은빛길~와치로167번길,35.0794189,129.0658923,35.0801205,129.0638819,지방도,급경사,0.24
부산광역시 영도구,와치로167번길,35.0807618,129.0667961,35.0805031,129.06534,지방도,급경사,0.16
경상북도 영주시,지방도901호선,36.85563,128.473705,36.844916,128.467328,지방도,고갯길,1.8
전북특별자치도 부안군 경제산업국 건설교통과,바드재,35.6555022,126.6141005,35.6184473,126.6355134,군도,고갯길,8
충청남도 태안군,군도 11호선,36.5437929,126.3308608,36.5438281,126.330695,군도,산악지대,0.36
경상남도 의령군 안전건설국 건설과,군도15호선,35.4719202,128.322267,35.4967609,128.3143566,군도,고갯길,3.1
전북특별자치도 부안군 경제산업국 건설교통과,우슬재,35.6944613,126.6423683,35.6646731,126.6185926,지방도,고갯길,5
경상남도 합천군,군도17호,35.7921123,128.0935868,35.7918228,128.0637314,군도,기타,2.4
대구광역시 서구 행정안전국 안전총괄과,장산로,35.8651914,128.5287548,35.8631406,128.5268155,시도,지하차도,0.5
부산광역시 남구,마을안길,35.1392106,129.073698,35.1392095,129.0739963,지방도,급경사,0.03
충청남도 부여군,홍산면도101호,36.2219679,126.7535629,36.2295132,126.7267627,농어촌도로,고갯길,1.5
충청남도 논산시,화산육교,36.1817445,127.0697835,36.1816187,127.0694923,시도,고가도로,0.03
충청북도 진천군,군도 3호선,36.7817979,127.4460802,36.7804924,127.4643479,군도,고갯길,4
부산광역시 동구,지방도,35.1188858,129.0382731,35.1192931,129.037203,구도,급경사,0.1
강원특별자치도 양양군,농어촌도로 손양101호선,38.0838751,128.6429864,38.0855768,128.6453652,농어촌도로,고갯길,1.2
대구광역시 달성군 건설과,면도102호선,35.7887577,128.5030477,35.7537547,128.5050424,농어촌도로,고갯길,4.5
울산광역시 동구,동해안로,35.5458767,129.4309743,35.5531184,129.4528725,구도,고갯길,2.5
강원특별자치도 양양군,군도2호선,38.0251133,128.6311371,38.0154793,128.6339723,군도,고갯길,3.8
대구광역시 수성구,월드컵지하차도,35.8338519,128.6742305,35.8327508,128.6891462,지방도,지하차도,1.3
대구광역시 달성군 건설과,팔조령도로,35.728538,128.6841332,35.7035673,128.686254,농어촌도로,고갯길,2.3
부산광역시 연제구 연산2동,황령산로,35.1627297,129.0815797,35.1586948,129.0828786,지방도,산악지대,1.4
부산광역시 연제구 연산9동,토곡로,35.1828668,129.1046154,35.1818327,129.1001203,구도,급경사,0.55
경상남도 의령군 안전건설국 건설과,지방도 1011호선,35.463146,128.2529237,35.4727653,128.2581806,지방도,고갯길,2.58
경상남도 함양군,"마을안길, 인도 등",35.5720653,127.6827222,35.5720653,127.6827222,군도,기타,0
부산광역시 남구,이면도로,35.1380511,129.095004,35.137284,129.0952913,지방도,급경사,0.04
경상남도 도로관리사업소,지방도 1080,35.571316,128.4446785,35.5641847,128.4510263,지방도,고갯길,1
강원특별자치도 고성군,농어촌도로202호선,38.504489,128.413566,38.5100874,128.3972682,농어촌도로,고갯길,1.3
울산광역시 동구,방어진순환로,35.5379698,129.4195006,35.5247428,129.4000514,시도,고갯길,2.2
강원특별자치도 양양군,농어촌도로 강현101호선,38.1449825,128.5732625,38.147678,128.5727833,농어촌도로,고갯길,1.5
광주광역시 동구,무등로,35.1548697,126.9321775,35.1577874,126.9441443,지방도,급경사,3.5
부산광역시 연제구 거제2동,금용로,35.1874577,129.0640168,35.1876366,129.0688126,지방도,고갯길,0.35
부산광역시 연제구 연산9동,톳고개로,35.1854171,129.1026455,35.1813045,129.1022246,구도,급경사,0.59
부산광역시 남구,이기대공원로 일대,35.1315412,129.1214777,35.1306937,129.1190022,군도,급경사,0.2
부산광역시 남구,진남로 165~진남로165번길31,35.1412941,129.0787994,35.1410975,129.0768975,구도,급경사,0.3
대구광역시 달서구,용산 지하차도,35.8588148,128.5252754,35.8587789,128.5238578,일반국도,지하차도,0.15
부산광역시 남구,장고개로,35.1356689,129.0692632,35.1253706,129.0710092,지방도,급경사,0.9
강원특별자치도 속초시,동해대로,38.1763151,128.6034171,38.1733665,128.6047799,시도,고갯길,0.35
강원특별자치도 양구군,군도 6호선,38.1454668,127.9146022,38.188976,127.9373775,군도,고갯길,7
경상남도 의령군 안전건설국 건설과,지방도 1041호선,35.4365165,128.2275628,35.4424984,128.2077216,지방도,고갯길,3.5
경상남도 함양군,"마을안길, 인도 등",35.5450317,127.7052932,35.5684951,127.6840818,군도,기타,0
부산광역시 연제구 거제2동,화지로,35.1850492,129.0660456,35.1887243,129.0658046,지방도,교차로,0.68
경상남도 함양군,"마을안길, 인도 등",35.51745,127.6638655,35.51745,127.6638655,군도,기타,0
강원특별자치도 고성군,군도8호선,38.124322,128.437941,38.209969,128.485594,군도,고갯길,6.62
울산광역시 중구,북부순환도로,35.5751887,129.3403242,35.5784873,129.3422732,시도,고갯길,0.3
광주광역시 동구,밤실로,35.1559363,126.9362804,35.1492709,126.9369852,지방도,급경사,0.7
전라남도 여수시,도시계획도로,34.7643994,127.6839942,34.7674726,127.6907799,시도,급경사,0.4
부산광역시 남구,황령대로319번가길,35.1537062,129.0886946,35.1502164,129.0897192,지방도,급경사,0.8
부산광역시 사하구,낙동대로,35.1003739,128.9932199,35.1033449,128.9910268,지방도,고갯길,0.5
경상남도 창원시 의창구,무역로,35.2328448,128.6436585,35.2296082,128.6407759,시도,기타,1
경상남도 거제시,지방도1018호선,34.8547551,128.6501927,34.8493529,128.6501516,지방도,고갯길,1
충청북도 괴산군,군도19호선,36.8452771,127.8226104,36.832687,127.8232122,군도,기타,3
광주광역시 동구,남문로,35.1149305,126.9357896,35.1105295,126.9369943,시도,상습정체,1.5
부산광역시 남구,동명로,35.1212349,129.09876,35.1196215,129.1120426,지방도,급경사,0.6
부산광역시 남구,이면도로,35.1405272,129.0881848,35.1404712,129.0875456,지방도,급경사,0.06
경상남도 창원시 진해구,마진터널,35.174,128.65,35.17,128.65,시도,고갯길,2
경상남도 창원시 의창구,국도79호선,35.2552037,128.6056295,35.2765113,128.6171811,위임국도,고갯길,4
충청남도 천안시,풍세로,36.7654841,127.1300581,36.7645533,127.1294282,지방도,기타,1
부산광역시 남구,이면도로,35.1219338,129.086133,35.1223108,129.0874326,지방도,급경사,0.13
경상남도 거제시,시도2호선,34.8762285,128.5787335,34.8857303,128.5768493,지방도,급경사,1
충청북도 괴산군,농어촌도로102호선,36.9227752,127.795617,36.9188274,127.7981336,농어촌도로,기타,1
광주광역시 동구,갈마로,35.1615367,126.9352037,35.1601819,126.9306969,지방도,급경사,0.9
부산광역시 남구,이면도로,35.1395633,129.0882031,35.1395168,129.0875417,지방도,급경사,0.06
경상남도 창원시 진해구,안민고갯길,35.15,128.67,35.15733,128.67528,시도,고갯길,1
경기도 안산시,대선로,37.2367821,126.5721075,37.2293114,126.5710064,시도,고갯길,0.9
경기도 안산시,대부황금로,37.2562709,126.5862588,37.2499053,126.5903486,지방도,고갯길,0.85
부산광역시 사하구,을숙도대로,35.0853696,128.9777238,35.0864899,128.9931149,지방도,급커브,1.4
부산광역시 사하구,낙동대로,35.1150289,128.9613217,35.1201729,128.9632189,지방도,급커브,1.2
부산광역시 사하구,장평로,35.0965954,128.9858887,35.0907138,128.9730764,지방도,고갯길,1.5
강원특별자치도 고성군,군도11호선,38.338298,128.45437,38.330392,128.459591,군도,고갯길,1.1
부산광역시 남구,이면도로,35.1182053,129.0837218,35.118204,129.0845276,지방도,급경사,0.5
서울특별시 성동구,용비교,37.545967,127.0304252,37.545967,127.0304252,시도,교량,1
부산광역시 사하구,까치고개로,35.1046935,129.0077002,35.1047432,129.0093863,지방도,고갯길,0.2
대구광역시 달성군,테크노폴리스 연결도로,35.6728857,128.4463729,35.6639517,128.4128292,지방도,기타,3.1
경상남도 창원시 성산구,두산볼보로,35.1913051,128.6278079,35.189329,128.602185,시도,기타,1.3
경상남도 창원시 마산합포구,국도79호선,35.1748608,128.4689669,35.1870004,128.4622234,일반국도,고갯길,1.5
경상남도 창원시 마산합포구,밤밭고개로,35.1631583,128.5509813,35.178927,128.5357568,일반국도,교차로,2.4
경상남도 거제시,시도9호선,34.8886576,128.5369425,34.8859234,128.5375289,시도,고갯길,1
충청남도 논산시,농어촌도 101,36.1220627,127.2440126,36.1311358,127.2453788,농어촌도로,교량,0.18
광주광역시 동구,대남로,35.1378658,126.9210485,35.14073,126.9236019,지방도,고갯길,0.6
울산광역시 울주군,국지도69호선,35.6210348,129.0324894,35.5291684,129.0098335,지방도,산악지대,11.3
경상남도 창원시 성산구,국도25호선 진출입로,35.230165,128.696563,35.2309657,128.7061874,시도,램프,1.4
경상남도 창원시 성산구,안민고개길,35.177904,128.689963,35.157294,128.675272,시도,급경사,1.8
서울특별시 구로구,도림천로,37.4868626,126.8982298,37.4935614,126.8947447,시도,급경사,0.54
서울특별시 구로구,고척로,37.500503,126.8554679,37.5003638,126.8551524,구도,급경사,0.06
경상남도 창원시 의창구,백월로,35.3211862,128.6228756,35.3052053,128.6549056,시도,고갯길,3
경상남도 창원시 마산합포구,회진로,35.1258372,128.4381849,35.0763859,128.4645646,일반국도,수변도로,4.6
충청남도 천안시,만남로,36.8241377,127.163889,36.8253888,127.1642558,지방도,기타,1
부산광역시 남구,이면도로,35.1201309,129.1095222,35.1189306,129.1037876,지방도,급경사,0.6
광주광역시 동구,지호로,35.1530483,126.9422685,35.1529273,126.9425383,지방도,급경사,0.6
광주광역시 동구,밤실로,35.1476715,126.9359391,35.1478798,126.9382274,지방도,고갯길,0.3
경상남도 창원시 의창구,국도14호선,35.2616089,128.6315774,35.2673335,128.6394899,일반국도,고갯길,1
경상남도 창원시 마산합포구,고운로,35.1899021,128.5584507,35.1863186,128.5613076,시도,급경사,0.8
경상남도 창원시 마산합포구,완월남로,35.1961931,128.5695469,35.1974249,128.5563665,시도,급경사,1.3
경상남도 거제시,시도1호선,34.8692529,128.5522468,34.8731013,128.5613311,시도,급경사,1
충청북도 괴산군,군도12호선,36.8135209,127.7915255,36.8090506,127.8084969,군도,기타,2
충청북도 괴산군,군도9호선,36.8470107,127.8566664,36.8424217,127.8650589,군도,기타,3.3
충청북도 괴산군,군도3호선,36.7707657,127.6553339,36.7576282,127.6526639,군도,기타,2.3
서울특별시 성동구,대현산배수지 앞,37.5546105,127.0202828,37.5553824,127.0221577,시도,급경사,0.3
충청북도 영동군 건설교통과,군도23호선,36.0545515,127.6596953,36.0390114,127.6659137,군도,고갯길,4
부산광역시 남구,이면도로,35.1228031,129.0844108,35.1229027,129.0845577,지방도,급경사,0.35
경기도 수원시 팔달구 안전건설과,세지로331번길,37.281024,127.0231835,37.2806484,127.0239233,시도,기타,0.2
경기도 수원시 권선구 안전건설과,구운동,37.2847153,126.9754772,37.2847153,126.9754772,시도,기타,1.1
부산광역시 남구,이면도로,35.1214461,129.0863573,35.1198814,129.0866024,지방도,급경사,0.2
경상북도 영덕군,군도21호선,36.5180137,129.3005708,36.5479576,129.2618811,군도,기타,10.5
경기도 수원시 장안구 안전건설과,덕영대로381번길,37.3022847,126.968407,37.3022517,126.9687303,시도,급경사,0.06
경기도 수원시 장안구 안전건설과,상률로12번길,37.3050405,126.9681076,37.3049662,126.9687974,시도,급경사,0.02
경상남도 거제시,국도5호선,34.9415015,128.6557816,34.953723,128.6551724,일반국도,급경사,1
충청남도 논산시,도시계획도,36.1601379,127.0249467,36.1600456,127.0250254,시도,교량,0.14
충청남도 논산시,시도4,36.1223474,127.1999053,36.1231027,127.2027437,시도,교량,0.1
충청북도 충주시,군도11호선(중앙탑),37.0359543,127.8449242,37.0561691,127.8351757,군도,급경사,3.1
경상남도 진주시,시도20호,35.1977447,128.1679642,35.1925057,128.2170337,일반국도,기타,6
서울특별시 성동구,왕십리로31나길,37.5625709,127.0274061,37.563026,127.0274885,구도,급경사,0.13
국토교통부 부산지방국토관리청 진주국토관리사무소,국도33호,35.2965589,128.0794003,35.3071557,128.0833302,일반국도,기타,0.4
충청북도 충주시,숭선고개,37.012776,127.7018921,37.0391235,127.708134,시도,고갯길,3.5
충청남도 서산시 건설도시국 도로과,준용도로2호선,36.6813131,126.580529,36.6660679,126.5912541,위임국도,급경사,6
충청남도 서산시,농어촌도로,36.7196308,126.5401605,36.7273074,126.5378819,농어촌도로,고갯길,1
경기도 평택시,도시계획도로,37.0203653,127.0699862,37.0203653,127.0699862,시도,고가도로,0.3
충청북도 충주시,군도9호선(신니),37.0126051,127.7020709,37.0392352,127.7080454,군도,급경사,3.5
경기도 양평군,군도5호선,37.5564606,127.5061879,37.5600289,127.5117861,군도,고갯길,1.5
경기도 평택시,도시계획도로,36.9883163,127.0876708,36.9883163,127.0876708,시도,지하차도,0.45
제주특별자치도 제주시,마을안길,33.9450837,126.315403,33.9450837,126.315403,지방도,기타,1
제주특별자치도 제주시,마을안길,33.5217082,126.812124,33.5217082,126.812124,지방도,기타,1
충청북도 충주시,군도26호선(산척),37.0738713,127.9880688,37.0669417,128.0514916,군도,급경사,6.9
경기도 수원시 장안구 안전건설과,상률로12번길,37.3053259,126.9693926,37.3052224,126.9702872,시도,급경사,0.02
경기도 평택시,비법정도로,37.0248172,127.1422518,37.0304008,127.141955,시도,고갯길,0.34
경기도 평택시,도시계획도로,36.9767927,127.1160274,36.9767927,127.1160274,시도,고갯길,0.1
제주특별자치도 제주시,이면도로,33.4756643,126.4803536,33.4761531,126.4796114,지방도,기타,1
제주특별자치도 제주시,이면도로,33.5125078,126.5249573,33.5125078,126.5249573,지방도,기타,1
경기도 수원시 영통구 안전건설과,영통로 154번길,37.2413886,127.058603,37.2403826,127.0587986,지방도,기타,0.12
경기도 평택시,도시계획도로,36.9979462,127.0786939,36.9979462,127.0786939,시도,지하차도,0.34
경기도 평택시,도시계획도로,36.99468,127.0909792,37.0006427,127.0955619,시도,고갯길,0.88
제주특별자치도 제주시,마을안길,33.4976921,126.9690069,33.4976921,126.9690069,지방도,기타,1
제주특별자치도 제주시,마을안길,33.9599659,126.296208,33.9599659,126.296208,지방도,기타,1
서울특별시 성동구,한림말길,37.5410552,127.0112187,37.5413195,127.0170301,구도,급경사,0.5
경기도 평택시,도시계획도로,36.999157,127.0969821,36.9979501,127.0948838,시도,기타,0.36
경상남도 도로관리사업소,덕유월성로(국지도37호),35.7703296,127.7181882,35.7496768,127.7060066,지방도,고갯길,3
제주특별자치도 제주시,이면도로 ,33.5125553,126.5222454,33.5125553,126.5222454,지방도,기타,1
제주특별자치도 제주시,마을안길,33.5108951,126.9555641,33.5108951,126.9555641,지방도,기타,1
제주특별자치도 제주시,이면도로,33.4419749,126.4832482,33.44157,126.4808461,지방도,기타,1
제주특별자치도 제주시,도시계획도로,33.4936931,126.5942622,33.4936931,126.5942622,지방도,기타,1
부산광역시 서구,꽃마을로,35.1217567,129.009464,35.127404,129.0069689,지방도,고갯길,0.8
경상북도 문경시,작약로,36.6167425,128.0389598,36.5885648,128.060924,시도,고갯길,4.2
경기도 포천시,387호선,38.0402285,127.328041,38.0397792,127.3281774,지방도,고갯길,9.6
경기도 포천시,78호선,38.0539335,127.3486341,38.0539121,127.3485935,지방도,고갯길,9
경기도 김포시,이면도로,37.6393711,126.656534,37.6393711,126.656534,지방도,기타,0.33
전북특별자치도 장수군,덕산재,35.6442846,127.5315817,35.6168679,127.550979,지방도,고갯길,9.5
세종특별자치시 도로관리사업소,한누리대로(시도 1호선),36.5214476,127.2597419,36.527237,127.2627024,시도,고가도로,0.6
경기도 평택시,도시계획도로,37.0028464,127.059287,37.0028464,127.059287,시도,기타,0.05
경기도 김포시,이면도로,37.6515654,126.6594848,37.6515654,126.6594848,지방도,기타,0.8
인천광역시 연수구,원인재로,37.4118277,126.681391,37.4132403,126.6841365,구도,고갯길,0.2
경기도 김포시,이면도로,37.6555397,126.6684507,37.6555397,126.6684507,지방도,기타,0.07
서울특별시 영등포구,영신로9나길,37.5126333,126.9072612,37.5133528,126.9064031,구도,급경사,0.09
강원특별자치도 도로관리사업소 북부지소,국도56호,38.1749156,127.5343622,38.225015,127.4930764,위임국도,고갯길,13
강원특별자치도 춘천시,군도4호선,37.740562,127.6659946,37.7396143,127.6535055,군도,고갯길,1.4
경기도 평택시,제방도로,36.9939379,127.0673538,36.9939379,127.0673538,시도,기타,0.04
경기도 김포시,마을안길,37.6104163,126.7761895,37.6087094,126.7788307,지방도,기타,0.4
전북특별자치도 장수군,비행기재,35.5844776,127.4248993,35.61913,127.4876191,지방도,고갯길,11.1
서울특별시 구로구,도림천로,37.4849798,126.9024398,37.4868626,126.8982298,시도,상습정체,0.57
서울특별시 구로구,안양천로,37.5020395,126.8673575,37.5008659,126.8688319,구도,급경사,0.6
서울특별시 영등포구,도영로22길 (도림동성당),37.5119074,126.9008205,37.5113124,126.9011972,구도,급경사,0.16
서울특별시 영등포구,고추말길 (영신로9길),37.5131283,126.9087243,37.5121286,126.9065828,구도,급경사,0.58
서울특별시 영등포구,영신로9길 (영일어린이공원),37.5100916,126.9048095,37.5116746,126.906147,구도,급경사,0.23
서울특별시 영등포구,여의대방로42나길,37.5066287,126.9216773,37.5071307,126.9208909,구도,급경사,0.12
전북특별자치도 정읍시 도시안전국 건설과,국도29호선,35.5325723,126.9084494,35.5294835,126.944474,일반국도,고갯길,5.8
경기도 평택시,도시계획도로,36.9943678,127.0800521,36.9943678,127.0800521,시도,기타,0.04
경기도 김포시,마을안길,37.7144396,126.5990632,37.7230078,126.6002795,지방도,기타,1
서울특별시 구로구,구로중앙로34길,37.500637,126.8839395,37.501239,126.8854543,구도,급경사,0.18
서울특별시 영등포구,가마산로77길 (신길삼성래미안1단지),37.5055214,126.9144644,37.5060464,126.9148309,구도,급경사,0.08
서울특별시 영등포구,영등포로84길 (신길1동주민센터),37.5113564,126.9218529,37.5111595,126.9217781,구도,급경사,0.06
전북특별자치도 정읍시 도시안전국 건설과,도시계획도로,35.4971796,126.9281364,35.479796,126.9277192,시도,고갯길,3.6
전북특별자치도 부안군 경제산업국 건설교통과,말재,35.6283581,126.51303,35.5997163,126.5274309,지방도,고갯길,5
서울특별시 서대문구,이화여대8길,37.5587317,126.9478269,37.5622687,126.9554486,구도,급경사,0.07
경상남도 하동군,59호,35.1395652,127.82574,35.1623298,127.828389,위임국도,고갯길,5
서울특별시 영등포구,신길로45길,37.5094498,126.910572,37.5091775,126.9101749,구도,급경사,0.07
경상남도,지방도1021호선,34.7701583,128.4011828,34.7685383,128.4060206,지방도,기타,1
세종특별자치시,시목부강로,36.526711,127.3745758,36.5219958,127.3760693,시도,고갯길,0.7
서울특별시 도로사업소 서부도로사업소,가좌로,37.5765788,126.934937,37.5768953,126.9338256,시도,급경사,0.11
서울특별시 도로사업소 서부도로사업소,가좌로,37.5798507,126.916112,37.5791225,126.9175704,시도,급경사,0.15
서울특별시 도로사업소 서부도로사업소,증가로,37.5776739,126.9208771,37.5783177,126.9190469,시도,급경사,0.2
강원특별자치도 속초시,미시령로,38.2028122,128.5374508,38.2026636,128.5411267,시도,급경사,0.6
충청북도 충주시,시의국도3호선(단월),36.9618178,127.8812304,36.9656461,127.9062965,군도,기타,2.4
인천광역시 중구,도원체육관,37.4666495,126.6417639,37.4647722,126.6393771,구도,고갯길,0.3
충청북도 충주시,금봉대로,36.9580914,127.9434179,36.9618087,127.9476034,군도,급경사,0.5
충청북도 충주시,예성여중 앞 도로,36.9572114,127.9440298,36.9601633,127.9273751,군도,급경사,1.7
충청북도 충주시,군도31호선(수안보),36.8251819,128.0058315,36.8153602,128.0222603,군도,급경사,2.5
충청남도 아산시,연암산로,36.8576053,127.0403115,36.853584,127.0457746,시도,고갯길,0.94
충청남도,지방도628호,36.8516713,127.0008637,36.8534947,126.9880145,지방도,고갯길,1.2
전라남도 목포시,부주로,34.8131952,126.4302176,34.8123419,126.4377513,시도,급경사,3
전라남도 무안군,군도37호선,34.8145034,126.479848,34.8187965,126.484987,군도,고가도로,0.9
충청남도 아산시,음봉면로,36.8547594,127.0155131,36.8607586,127.022938,시도,고갯길,1
광주광역시 북구,양일로,35.1978455,126.8706619,35.1977852,126.8726016,지방도,고갯길,0.4
광주광역시 동구,밤실로,35.1552602,126.9364626,35.1603802,126.9352594,지방도,급경사,0.9
충청남도 아산시,신성지구,36.8735601,126.9038222,36.8735601,126.9038222,농어촌도로,고갯길,0.2
경상남도 창원시 마산회원구,삼호로,35.2313712,128.5681365,35.2313712,128.5681365,시도,교차로,0.3
인천광역시 중구,홍예문로,37.4708528,126.6227259,37.47701,126.6305966,구도,고갯길,0.7
인천광역시 중구,개항로,37.4723037,126.6290281,37.472823,126.6350841,구도,고갯길,0.6
인천광역시 중구,우현로,37.4703463,126.6277882,37.4751656,126.6311403,구도,고갯길,0.5
인천광역시 중구,동화마을,37.478305,126.6195502,37.4783359,126.6195786,구도,고갯길,0.5
인천광역시 동구,방축로,37.4781572,126.6678587,37.4748328,126.6774545,시도,고가도로,0.9
인천광역시 동구,인중로,37.4810464,126.6443504,37.4811389,126.640216,시도,고갯길,0.35
인천광역시 강화군 도로과,불은초교,37.6812902,126.4869142,37.6845536,126.4803949,군도,급커브,2
전라남도 도로관리사업소,지방도861,35.3006269,127.3775987,35.3006269,127.3775987,지방도,급커브,4.5
인천광역시 강화군 도로과,전득이고개,37.6791381,126.3682481,37.6698258,126.3647204,군도,고갯길,1
서울특별시 성동구,금호산길,37.5492728,127.0197069,37.5516657,127.0194477,구도,급경사,0.2
서울특별시 중구,동호로8다길,37.551673,127.013423,37.553327,127.014604,구도,고갯길,0.5
서울특별시 관악구,관악로28길(관악로28길 22),37.4851516,126.9573874,37.4833666,126.9596278,구도,기타,0.34
광주광역시 남구,효덕로,35.0932952,126.9127599,35.0886594,126.9140834,지방도,기타,1
광주광역시 남구,1호선,35.086552,126.8749709,35.0788331,126.8537227,일반국도,터널,2.5
경기도 평택시 비전2동,신한2길,36.9938855,127.1075131,36.9927858,127.1078157,시도,급경사,0.17
서울특별시 성동구,2번마을버스길,37.5557981,127.0338715,37.555561,127.0254445,구도,급경사,1.4
인천광역시 강화군 도로과,찬우물고개,37.7133346,126.4802029,37.7149532,126.4774827,군도,고갯길,1
서울특별시 광진구,용마산로36길,37.5687012,127.0886937,37.5707151,127.0881145,구도,고갯길,0.2
서울특별시 관악구,난곡로(난향삼거리),37.4628018,126.9187992,37.4613886,126.9258628,구도,기타,0.82
광주광역시 북구,서암대로,35.178481,126.8767491,35.1649744,126.9191734,지방도,기타,1
광주광역시 북구,면앙로,35.1782887,126.9208139,35.1765778,126.9274372,지방도,급경사,1.1
광주광역시 북구,동문대로,35.1648795,126.9197146,35.2153267,126.9496626,지방도,고갯길,6.7
광주광역시 북구,서하로,35.1821742,126.919091,35.1822046,126.9250223,지방도,고가도로,1
광주광역시 북구,무등로,35.1594942,126.9449071,35.1571215,126.9734631,지방도,급경사,4
충청북도 충주시,안림로(마즈막재~하늘나라~요각골),36.9695234,127.9467794,36.9729466,127.9799704,군도,급경사,3.3
광주광역시 북구,탁영로,35.1665811,126.9341265,35.1663871,126.9371264,지방도,급경사,0.3
서울특별시 광진구,천호대로140길(양진초등학교 정문앞),37.543959,127.097263,37.544154,127.100018,구도,고갯길,0.1
서울특별시 관악구,쑥고개로(쑥고개로3),37.4773023,126.9375793,37.4784186,126.9397841,구도,기타,0.25
서울특별시 강남구,논현로,37.5193823,127.0284772,37.5012477,127.0372865,시도,고갯길,2.2
서울특별시 성동구,금호로1길,37.5515758,127.0231677,37.552875,127.0234153,구도,급경사,0.22
광주광역시 북구,서하로,35.1864657,126.8823648,35.1873196,126.8991464,지방도,급경사,1.4
광주광역시 북구,민주로,35.2152176,126.9496545,35.2315457,126.9424549,지방도,급경사,2.2
광주광역시 북구,첨단과기로,35.2291856,126.8365583,35.2240859,126.838063,지방도,기타,0.7
전라남도 목포시,유달로,34.7862505,126.3782328,34.7801739,126.3729653,시도,급커브,0.5
전라남도 목포시,대양로,34.8306481,126.4174744,34.820721,126.3989166,시도,급경사,5
전라남도 도로관리사업소,지방도840,35.2062471,127.2802694,35.2062471,127.2802694,지방도,산악지대,8.9
전라남도 도로관리사업소,지방도60,35.2290226,127.2346862,35.2420089,127.2517127,지방도,고갯길,2.7
전라남도 도로관리사업소,위임국도 15,35.2002697,127.1298438,35.1950421,127.1356703,위임국도,고갯길,0.8
전라남도 완도군,완도군청 ~ 완도남중학교,34.311665,126.7548685,34.3077461,126.7518513,군도,고갯길,0.6
전라남도 진도군,군도15호선,34.4645686,126.3117268,34.4630377,126.3262676,군도,고갯길,1.6
전라남도 진도군,군도15호선,34.4630383,126.3263254,34.4635082,126.3318897,군도,고갯길,0.9
전라남도 진도군,농어촌도로 의신102호선,34.4103792,126.3337193,34.4002424,126.3267315,농어촌도로,고갯길,1.1
전라남도 신안군,정동마을 마을안길,34.8321115,126.3501169,34.832046,126.3490809,농어촌도로,급경사,0.22
광주광역시 동구,화산로,35.1165227,126.9215095,35.1162417,126.9204997,시도,급경사,0.7
광주광역시 북구,임방울대로1042번길,35.2097238,126.8681082,35.2097725,126.8701985,지방도,급경사,0.3
전라남도 무안군,후광대로,34.8144429,126.4663331,34.8144429,126.4663331,지방도,지하차도,0.6
경상북도 칠곡군 건설과,기타도로,36.0038486,128.4178506,36.0035446,128.4188091,농어촌도로,급경사,0.2
경상북도,923,35.9859003,128.4821479,36.041335,128.4858794,지방도,급경사,6.8
경상북도 칠곡군 건설과,5,36.0292794,128.4794492,36.0286559,128.4739505,군도,급경사,0.8
경상북도 칠곡군 건설과,면도101,35.9892125,128.4956782,36.0049545,128.5090477,농어촌도로,급경사,2.4
경상북도 칠곡군 건설과,17,35.9451714,128.4960241,35.9280002,128.5201665,군도,급경사,4.8
경상북도 칠곡군 건설과,26,35.9553417,128.5021424,35.9758362,128.5150012,군도,기타,3.3
경상북도 칠곡군 도시계획과,기타도로,35.9102877,128.4954693,35.8957599,128.5048279,농어촌도로,기타,2
경상북도 칠곡군 건설과,24,35.9436826,128.4689088,35.954945,128.4454702,군도,기타,4.6
경상북도 칠곡군,군도22호선,36.0062118,128.3411836,36.0110246,128.3510871,군도,고갯길,1.3
경상북도 칠곡군 건설과,농도301호선,36.0411697,128.4469921,36.0522041,128.450736,농어촌도로,기타,1.7
경상북도 칠곡군 건설과,군도5호선,36.0409331,128.4513187,36.0287507,128.4695519,군도,기타,2.4
경상북도 칠곡군 건설과,군도4호선,36.0541521,128.4145578,36.0390064,128.4431102,군도,기타,3.7
경상북도 칠곡군 건설과,농도306호선,36.0495029,128.4708799,36.0522916,128.470965,농어촌도로,기타,0.4
경상북도 칠곡군 북삼읍,리도203호,36.0529471,128.3208694,36.0436741,128.3081039,농어촌도로,기타,1.5
경상북도 칠곡군 북삼읍,리도303호선,36.0548169,128.3134213,36.0514463,128.3104891,농어촌도로,기타,0.6
경상북도 칠곡군 가산면,리도(207),36.0396254,128.5189626,36.0338015,128.5100865,농어촌도로,기타,1.14
경상북도 칠곡군,군도10호선,36.0642188,128.5473846,36.0750868,128.6039998,군도,기타,10.6
경상북도 칠곡군,군도 32호선,36.0533269,128.5953964,36.0406934,128.6126437,군도,기타,3.1
경상북도 칠곡군,군도 9호선,36.0629119,128.6087642,36.0612893,128.6301065,군도,기타,2.3
경상북도 칠곡군 건설과,군도6호선,36.0004152,128.5247404,36.0104794,128.5051523,군도,기타,2
경상북도 칠곡군,군도21,36.0312527,128.3621257,36.0249812,128.3222774,군도,급경사,5.5
경상북도 칠곡군,군도,36.0242154,128.3616336,36.0114229,128.3498706,군도,기타,2
경상북도 칠곡군,31호선,36.0199863,128.6303802,35.9948429,128.5900245,군도,고갯길,2
경상북도 칠곡군,3호선,36.0737895,128.4242907,36.0496816,128.5131533,군도,고갯길,2
경상북도 칠곡군,군도 33호선,36.0595873,128.6124631,36.0358308,128.6227075,군도,기타,4
경상북도 칠곡군 건설과,군도20호선,36.0246506,128.5535688,36.0161775,128.5734278,군도,기타,2.4
경상북도 칠곡군,군도3호선,36.0613131,128.4846938,36.0539473,128.4942232,군도,기타,1.6
경상북도 칠곡군 건설과,군도31호선,36.0033652,128.5937267,36.0091582,128.591483,군도,기타,0.7
경상남도 합천군,지방도 1026,35.533051,127.9938103,35.5148399,127.9673376,지방도,터널,3.6
충청남도 공주시,매산동길,36.4706852,127.1370615,36.4688634,127.1349821,농어촌도로,고갯길,7
경상북도 칠곡군 건설과,리도205호선,36.0100692,128.6025493,36.012445,128.6096547,농어촌도로,기타,0.8
서울특별시 마포구,성산로,37.5682676,126.905751,37.568751,126.90487,시도,지하차도,0.16
경상북도 칠곡군 건설과,면도101호선,36.0001399,128.6040768,35.9968426,128.6100791,농어촌도로,기타,0.65
인천광역시 남동구,백범로,37.4676131,126.7047111,37.4660328,126.7102103,위임국도,고가도로,0.6
인천광역시 강화군 도로과,알프스모텔,37.7076583,126.4810673,37.7094146,126.4822173,군도,급커브,1.5
서울특별시 강남구,봉은사로,37.5048971,127.0247794,37.5088178,127.037727,시도,기타,1.3
서울특별시 노원구,공릉로46길,37.6269311,127.0791811,37.6279717,127.0847928,구도,급경사,0.55
서울특별시 동대문구 건설교통국 도로과,전농동204-108~196-5,37.5801039,127.0545909,37.5804964,127.0549027,구도,급경사,0.03
충청북도 영동군,군도2호선,36.2126605,127.7999375,36.2072188,127.8169916,군도,고갯길,4
서울특별시 강남구,헌릉로,37.4642292,127.1005025,37.4642969,127.0933869,시도,기타,0.6
서울특별시 성동구,한림말3길,37.5437875,127.0155501,37.5423736,127.0159183,구도,급경사,0.13
서울특별시 강남구,테헤란로,37.4986087,127.0278976,37.5032113,127.0414915,시도,기타,1.5
서울특별시 동대문구 건설교통국 도로과,휘경동369,37.5890412,127.05759,37.5890412,127.05759,구도,급경사,0.04
서울특별시 동대문구 건설교통국 도로과,답십리동 75-24,37.5730237,127.0606387,37.5730237,127.0606387,구도,급경사,15
울산광역시 중구,북부순환도로,35.5569614,129.284409,35.5604617,129.3002555,시도,고갯길,1.5
서울특별시 강남구,도산대로,37.5167142,127.0202132,37.5217258,127.0333751,시도,기타,1.5
경기도 시흥시,시도9호선,37.4001258,126.7921178,37.4007203,126.7928771,시도,교차로,0.5
경상북도 포항시 북구,도시계획도로,36.0339904,129.3556235,36.0453158,129.34358,시도,고갯길,1.5
서울특별시 동대문구 건설교통국 도로과,답십리동990~4-73,37.5693096,127.0601869,37.5699133,127.0628026,구도,급경사,0.27
충청남도 천안시,백석로,36.8186802,127.1506147,36.8186217,127.1481982,지방도,기타,0.8
서울특별시 동대문구 건설교통국 도로과,이문동 264-375~264-248,37.598248,127.0543269,37.5984727,127.056324,구도,급경사,0.2
충청남도 홍성군,군도4호,36.6149693,126.6148464,36.6174096,126.6321833,군도,급경사,1.3
서울특별시 동대문구 도시건설국 도로과,홍릉로24길,37.5878356,127.0431134,37.5886215,127.0473057,구도,급경사,0.05
강원특별자치도 태백시,35번국도,37.2164,128.9874,1,1,일반국도,고갯길,27.1
강원특별자치도 도로관리사업소 도로보수과,지방도408호,37.8884234,128.0963267,37.8929593,128.0874512,지방도,고갯길,1.2
경상남도 통영시,면도102호선,34.8984,128.357,34.8956,128.352,농어촌도로,기타,0.6
부산광역시 사상구,엄궁로,35.1242313,128.9667269,1,1,일반국도,고갯길,1.4
서울특별시 도로사업소 성동도로사업소 도로보수과,동호로,37.5425562,127.0172211,37.5449214,127.0169841,특별시도·광역시도,램프,0.3
제주특별자치도 제주시,마을안길,33.3567725,126.2977912,33.3607345,126.2982701,지방도,기타,0.9
경상북도 포항시 남구 송도동,이면도로,36.0337538,129.3723263,36.0329463,129.3721425,시도,기타,0.2
전라남도 신안군,면도 101번,34.8374364,126.3620322,34.8361,126.3645002,농어촌도로,고갯길,0.33
충청남도 아산시,거산지구,36.6612283,126.9869853,36.6612283,126.9869853,농어촌도로,고갯길,0.5
서울특별시 성북구,장위로,37.6171318,127.0450666,37.61767,127.0459205,구도,고갯길,0.13
경상남도 도로관리사업소 도로보수과,지방도 1077호선,35.5628339,128.7653054,35.5824886,128.8307122,지방도,고갯길,8.1
충청남도 논산시,국도23,36.2367659,127.0350699,36.2348796,127.0345877,일반국도,교량,0.27
제주특별자치도 제주시,마을안길,33.4114551,126.3828615,33.4097372,126.3791336,지방도,기타,1
경상남도 도로관리사업소 도로보수과,지방도 1051호선,35.4914661,128.9274859,35.4629763,128.9627464,지방도,고갯길,7.5
경상남도 도로관리사업소,58호선,35.0500955,127.9576087,35.0504388,127.9583283,위임국도,고갯길,0.5
경기도 고양시 도로건설사업소 도로관리과,삼송로,37.66139,126.89396,37.66139,126.89396,시도,고갯길,1
인천광역시 미추홀구,수봉북로,37.4654431,126.6633649,37.4616185,126.6626467,구도,급경사,0.2
경상남도 김해시,국도14호선,35.2960919,128.763578,35.2699583,128.8593502,일반국도,급경사,1
경상남도 창원시 성산구 건설과,토월지하차도,35.2305736,128.695473,35.2299726,128.6957631,시도,지하차도,1
서울특별시 성동구,옥수동 보은사,37.5407139,127.0110554,37.5393366,127.0115758,구도,급경사,0.4
제주특별자치도 제주시,이면도로,33.4816529,126.4446198,33.4816529,126.4446198,지방도,기타,1
서울특별시 성북구,정릉로,37.6044273,127.0087605,37.6028762,127.0105408,구도,고갯길,0.3
제주특별자치도 제주시,이면도로,33.480279,126.44514,33.480279,126.44514,지방도,기타,1
서울특별시 도봉구,시루봉로1길,37.6535946,127.0226751,37.6542074,127.0229199,구도,고갯길,0.05
서울특별시 은평구,연서로,37.6444464,126.9394392,37.6504507,126.9366069,시도,고갯길,0.3
서울특별시 마포구,서강로18길,37.5539377,126.9351845,37.5536851,126.9354196,구도,고갯길,0.02
부산광역시 남구,진남로166~진남로166번길10-9,35.1411944,129.0790684,35.1414626,129.0803942,구도,급경사,0.2
경기도 수원시 권선구,구운동,37.2762992,126.9733867,37.2762992,126.9733867,시도,기타,0.24
경기도 수원시 권선구,구운동,37.2766385,126.9781214,37.2766385,126.9781214,시도,기타,0.12
부산광역시 연제구 거제4동,해맞이로,35.1822698,129.0668028,35.1831895,129.066235,구도,급경사,0.12
경기도 수원시 권선구,삼천병마로1570번,37.2431796,126.9664903,37.2439751,126.9673097,시도,기타,0.2
서울특별시 동작구,서달로,37.5015252,126.960095,37.4987379,126.959644,구도,고갯길,1.7
서울특별시 종로구,명륜길,37.5899367,126.9936411,37.5911356,126.9929574,구도,급경사,0.16
부산광역시 부산진구,엄광로(엄광로 263-6 ~ 신암로135번길 36),35.15452,129.03897,35.15189,129.04823,지방도,고갯길,1.3
경기도 수원시 권선구,오목천동 ,37.2541513,126.9626509,37.2494943,126.9653356,시도,기타,0.6
서울특별시 은평구,은평터널로,37.5926239,126.9069595,37.5955088,126.9087809,구도,고갯길,0.7
부산광역시 사하구,낙동남로,35.1064715,128.9619682,35.1062619,128.9620451,지방도,램프,0.3
제주특별자치도 제주시,마을안길,33.954971,126.3328843,33.954971,126.3328843,지방도,기타,1
부산광역시 사상구,지방도,35.1859057,129.0037214,1,1,일반국도,고갯길,0.8
인천광역시 미추홀구,수봉북로,37.4653114,126.6636827,37.4623898,126.662432,구도,고갯길,0.5
인천광역시 연수구,경원대로,37.4037747,126.6792874,37.4102869,126.6855409,시도,고가도로,0.6
인천광역시 연수구,독배로,37.4309788,126.6462838,37.4292747,126.6457047,구도,고갯길,0.4
광주광역시 남구,서문대로,35.106633,126.8822162,35.1138763,126.87186,지방도,고가도로,1.5
광주광역시 북구,운용로,35.173114,126.8892881,35.1766528,126.896901,지방도,급경사,0.5
대전광역시 동구,신상로,36.3542863,127.4708744,36.3558155,127.4688226,지방도,터널,0.13
울산광역시 동구,방어진순환로,35.5104194,129.4032286,35.4939801,129.4089556,시도,고갯길,2
경기도 시흥시,시도1호선,37.4422101,126.7762934,37.4435713,126.7776707,시도,고가도로,0.5
경기도 시흥시,국도77호선,37.3415915,126.6958018,37.3343475,126.6882222,일반국도,고가도로,0.86
경기도 시흥시,시도9호선,37.3824879,126.7719056,37.3825015,126.7716436,시도,교차로,0.7
경기도 시흥시,시도7호선,37.3723419,126.7904133,37.3690035,126.7883674,시도,고갯길,1
경기도 양평군,지방도349호선,37.536876,127.7476151,37.497642,127.7483449,지방도,고갯길,4.2
강원특별자치도 춘천시,군도8호선,37.974961,127.787208,37.969786,127.788774,군도,고갯길,1.9
강원특별자치도 춘천시,군도10호선,37.920771,127.941283,37.911628,127.929551,군도,고갯길,2.1
강원특별자치도 도로관리사업소 태백지소,국지28호,37.3690228,129.0007907,37.4052423,129.056573,지방도,고갯길,12
제주특별자치도 서귀포시,이면도로,33.2412646,126.3862665,33.2412646,126.3862665,지방도,기타,1
강원특별자치도 도로관리사업소,지방도444호,37.8182028,128.2104053,37.8025138,128.2138279,지방도,고갯길,1.9
충청북도 충주시,호수로(충주댐방면),37.0100349,127.9835797,36.9737565,127.9828503,군도,급경사,7.2
충청북도 충주시,군도12호선(동량),37.002752,128.0621762,37.0193773,128.0268823,군도,급경사,8.2
충청남도 서산시,시도10,36.871724,126.4079018,36.8749163,126.3793747,시도,고갯길,2
서울특별시 서초구,서초대로 65길,37.4963053,127.0207123,37.4985436,127.0156133,구도,고갯길,0.52
서울특별시 강남구,강남대로146길,37.514514,127.0203196,37.5148569,127.0210108,구도,급경사,0.07
서울특별시 강남구,논현로145길,37.5158904,127.0243114,37.5166058,127.0255274,구도,급경사,0.18
경상북도 상주시,군도20호선,36.3940247,127.9718964,36.4196936,128.0032628,군도,고갯길,1.2
국토교통부 부산지방국토관리청 진주국토관리사무소,국도14호선,34.8654083,128.4232828,34.8587,128.4357,일반국도,기타,1.4
경상남도 밀양시,구. 국도,35.5315637,128.8501934,35.5394787,128.8483189,농어촌도로,고갯길,1
제주특별자치도 제주시,이면도로,33.4841109,126.4917304,33.4841109,126.4917304,지방도,기타,1
경상남도 도로관리사업소,1010호선,34.9299031,128.2991634,34.928964,128.2906916,지방도,기타,0.5
경상남도 도로관리사업소,국도3호,35.42767,127.90395,35.41448,127.89689,일반국도,고갯길,1
제주특별자치도 서귀포시,이면도로,33.331753,126.798003,33.331753,126.798003,지방도,기타,1
경기도 양주시,국지도56호선,37.8384134,127.1100871,37.843757,127.1156953,지방도,고갯길,1.3
세종특별자치시,미리내로,36.5187937,127.2637102,36.5234042,127.2666717,시도,급커브,0.2
경상남도 김해시,중로3-33호선,35.2488185,128.8731376,35.2484615,128.8757444,시도,급경사,0.3
세종특별자치시 도로관리사업소,대첩로,36.5948649,127.2830419,36.5947232,127.2863954,시도,고갯길,0.3
서울특별시 도로사업소 남부도로사업소 도로보수과,동작대로,37.5152923,126.9828334,37.5160931,126.9809465,시도,램프,0.2
국토교통부 대전지방국토관리청 논산국토관리사무소 도로안전운영과,39,36.4636892,126.9502807,36.4666344,126.9479055,일반국도,터널,0.4
경상남도 함양군,"마을안길, 인도 등",35.570334,127.7051818,35.570334,127.7051818,군도,기타,0
울산광역시 남구,남산로,35.5488191,129.3071388,35.5463282,129.2843961,시도,급커브,2.4
강원특별자치도 속초시,떡밭재로,38.1848626,128.5817077,38.1635927,128.5863601,시도,고갯길,2.5
서울특별시 도로사업소 남부도로사업소 도로보수과,동작대로,37.5048919,126.9799078,37.5043554,126.9782794,시도,램프,0.2
제주특별자치도 제주시,인도,33.5010615,126.5200861,33.5010615,126.5200861,지방도,기타,1
제주특별자치도 제주시,도시계획도로,33.4881461,126.596822,33.4881461,126.596822,지방도,기타,1
제주특별자치도 제주시,마을안길,33.5048073,126.5121072,33.5048073,126.5121072,지방도,기타,1
제주특별자치도 서귀포시,이면도로,33.3977136,126.8939504,33.3977136,126.8939504,지방도,기타,1
서울특별시 관악구,성현로(구암중학교),37.4925332,126.9487847,37.4925332,126.9487847,구도,기타,1
제주특별자치도 제주시,마을안길,33.5091009,126.5133125,33.5091009,126.5133125,지방도,기타,1
서울특별시 서초구 안전건설교통국 도로과,효령로20길,37.479599,126.9911466,37.480102,126.9924905,구도,급경사,0.4
경상남도 도로관리사업소 진주지소,밤티재로(지방도1089호),35.6291936,127.9618449,35.592299,127.9590888,지방도,고갯길,4.7
제주특별자치도 제주시,이면도로,33.5127042,126.525091,33.5127042,126.525091,지방도,기타,1
서울특별시 서초구 안전건설교통국 도로과,방배로20길,37.4861283,126.99752,37.4851925,126.9956278,구도,급경사,0.29
제주특별자치도 서귀포시,이면도로,33.2275991,126.2574255,33.2275991,126.2574255,지방도,기타,1
경기도 평택시,도시계획도로,37.0750398,127.0479611,37.0750398,127.0479611,시도,고갯길,0.12
서울특별시 서초구 안전건설교통국 도로과,방배로18길,37.4853305,126.9980433,37.4849403,126.9957116,구도,급경사,0.24
서울특별시 서초구 안전건설교통국 도로과,사평대로53길,37.5080318,127.0201391,37.5070271,127.0205971,구도,급경사,0.1
경기도 평택시,도시계획도로,37.077776,127.049679,37.077776,127.049679,시도,고갯길,0.25
경기도 평택시,도시계획도로,37.077778,127.0499237,37.0776908,127.0511193,시도,고갯길,0.12
서울특별시 서초구 안전건설교통국 도로과,헌릉로(신양재ic),37.4579529,127.0458374,37.4587936,127.0476606,구도,급경사,0.7
서울특별시 서초구 안전건설교통국 도로과,양재종합사회복자관 앞,37.4845272,127.0361938,37.4845272,127.0361938,시도,급경사,0.02
서울특별시 성북구,동소문로,37.607963,127.0283045,37.6083388,127.0280248,구도,고갯길,0.05
서울특별시 성북구,동소문로,37.5957564,127.0144037,37.5962754,127.0147341,구도,고갯길,0.08
경기도 평택시,도시계획도로,37.0864961,127.0477884,37.0864961,127.0477884,시도,고갯길,0.07
서울특별시 서초구 안전건설교통국 도로과,명달로1길,37.4789289,127.0058853,37.4784408,127.004473,구도,급경사,0.24
충청남도 서산시,도시계획도로 ,36.787743,126.445937,36.786385,126.442976,시도,고갯길,2.95
서울특별시 서초구 안전건설교통국 도로과,양재대로12길,37.4586385,127.0464814,37.4588704,127.0477893,구도,급경사,0.2
경기도 김포시,마을안길,37.6009535,126.7687106,37.6009535,126.7687106,지방도,기타,0.07
경기도 평택시,도시계획도로,37.0812511,127.0545076,37.0812511,127.0545076,시도,지하차도,0.03
서울특별시 서대문구,모래내로,37.5833373,126.9438131,37.5833373,126.9438131,구도,고갯길,0.2
서울특별시 서대문구,통일로,37.7460833,126.8070825,37.7460833,126.8070825,구도,급경사,0.1
서울특별시 서대문구,홍은동466,37.5910001,126.9335829,37.5910001,126.9335829,구도,급경사,0.3
서울특별시 도봉구,도봉로109길,37.6482104,127.0288089,37.6482599,127.0288767,구도,고갯길,0.05
서울특별시 종로구,종로구 노선,37.5821481,126.9717866,37.5836516,126.9802607,고속도로,램프,2.33
서울특별시 서대문구,연희로,37.5694026,126.9259674,37.5696141,126.9246618,구도,급경사,0.14
서울특별시 마포구,고산길,37.5545801,126.9443258,37.5542997,126.9455766,구도,급경사,0.13
서울특별시 종로구,test,37.4968417,127.0454898,37.4641891,126.9329613,고속도로,교차로,0.12
경기도 김포시,마을안길,37.6110126,126.7736619,37.6110126,126.7736619,지방도,기타,0.2
서울특별시 종로구,평창길,37.6115731,126.9786088,37.6152455,126.9769166,구도,급경사,0.15
서울특별시 종로구,평창30길,37.610063,126.9753954,37.6152455,126.9769166,구도,급경사,0.21
서울특별시 도봉구,해등로3길,37.64654,127.0395401,37.6467586,127.0401463,구도,고갯길,0.2
서울특별시 도봉구,노해로49길,37.6518288,127.0298562,37.6522151,127.0310647,구도,고갯길,0.05
서울특별시 도봉구,노해로,37.6512087,127.0324343,37.6523481,127.032055,구도,고갯길,0.05
경기도 김포시,마을안길,37.7567581,126.6358557,37.7567581,126.6358557,지방도,기타,0.25
서울특별시 성북구,아리랑로,37.596789,127.0140262,37.5972112,127.0123252,구도,고갯길,0.18
서울특별시 마포구,"서강로16길,18길,20길",37.5532722,126.9345816,37.5532722,126.9345816,구도,급경사,0.07
서울특별시 성북구,정릉로10길 107 ~ 정릉로10길 82,37.6053247,126.9984758,37.6062907,126.9989235,구도,고갯길,0.17
서울특별시 서대문구,대림아파트(연희로32길20),37.5759388,126.9362944,37.5759388,126.9362944,구도,급경사,0.4
서울특별시 도로사업소 서부도로사업소 도로보수과,성산로 진입램프,37.5573138,126.8959009,37.5592943,126.8958399,특별시도·광역시도,램프,0.18
서울특별시 성북구,정릉로,37.6009446,127.0205373,37.599087,127.018865,구도,고갯길,0.25
서울특별시 마포구,마포대로11길,37.5489302,126.9496543,37.5489302,126.9496543,구도,급경사,0.11
서울특별시 서대문구,연희로11마길,37.5695262,126.9242231,37.5706151,126.9227751,구도,고갯길,0.18
서울특별시 서대문구,북가좌초등학교(수색로8길80),37.5775337,126.905842,37.5769988,126.9066846,구도,급경사,0.78
서울특별시 마포구,독막로,37.5479104,126.9256135,37.5485899,126.9259062,구도,급경사,0.11
서울특별시 서대문구,통일로39길 일대,37.5870769,126.941456,37.5863941,126.940438,구도,급경사,0.16
서울특별시 성북구,보문로,37.5840105,127.0224291,37.5863537,127.0236162,구도,고갯길,0.3
서울특별시 서대문구,통일로48나길,37.5959722,126.9410238,37.5959722,126.9410238,농어촌도로,급경사,0.14
서울특별시 마포구,토정로 11길,37.5457072,126.925756,37.5460893,126.9244684,구도,급경사,0.12
서울특별시 종로구,평창20길,37.6080282,126.9721142,37.611073,126.9704334,구도,급경사,0.13
서울특별시 재난안전실 도로기획관 도로시설과,동부간선도로,37.4806496,127.1158046,37.4777269,127.1180678,시도,램프,1.07
부산광역시 영도구,산정길,35.0806627,129.0449596,35.0813616,129.047489,지방도,급경사,1
서울특별시 광진구,자양로21길,37.5394787,127.0826788,37.5395121,127.0823503,구도,고갯길,0.1
부산광역시 영도구,하나길,35.0971269,129.059844,35.0939892,129.0564773,지방도,급경사,1
부산광역시 영도구,와치로,35.0937779,129.056919,35.0910924,129.057263,지방도,급경사,1
부산광역시 영도구,와치로,35.0753848,129.0684501,35.0749741,129.0711181,지방도,급경사,1
부산광역시 영도구,중리로,35.0713665,129.0696606,35.0740494,129.0680933,지방도,급경사,1
부산광역시 영도구,동삼로,35.0807618,129.0667961,35.0836883,129.0714716,지방도,급경사,1
부산광역시 영도구,꿈나무길,35.0905189,129.0439443,35.0895839,129.0453281,지방도,급경사,0.16
강원도 양양군 건설과,양양군 군도1호선,38.1569137,128.5853476,38.1535097,128.5939481,군도,고갯길,3
부산광역시 영도구,상리로 ,35.0859942,129.0719229,35.0845997,129.068029,지방도,급경사,1
서울특별시 재난안전실 도로기획관 도로시설과,내부순환로,37.5960039,127.0407123,37.5997653,127.0409312,시도,램프,0.33
서울특별시 중랑구,용마산로,37.5876395,127.1010699,37.5870426,127.1010321,구도,기타,0.08
서울특별시 중랑구,사가정로,37.5809023,127.0877817,37.5809023,127.0877817,구도,기타,0.01
서울특별시 재난안전실 도로기획관 도로시설과,강남순환로,37.4599454,127.0316046,37.460091,127.0279522,시도,램프,0.5
강원특별자치도 횡성군,면도203호선,37.4995009,128.0024826,37.5014046,128.0006061,농어촌도로,고갯길,0.4
강원특별자치도 도로관리사업소 도로보수과,국도56호선,37.8516103,127.8639597,37.8468317,127.8701429,위임국도,고갯길,1.6
경상남도 도로관리사업소,국도79호선,35.4583202,128.4575284,35.4588088,128.4529568,일반국도,고갯길,0.6
경상남도 도로관리사업소,국도79호선,35.4424722,128.5631993,35.4355203,128.5904098,일반국도,고갯길,2.5
경상남도 도로관리사업소,지방도 1080,35.4955683,128.5395496,35.4972043,128.5456239,지방도,고갯길,0.7
서울특별시 도로사업소 동부도로사업소,"아천IC, F,K",37.5760026,127.1241907,37.5718284,127.1255626,시도,램프,0.9
경기도 성남시,이배재고개,37.4330493,127.1803298,37.4327069,127.1943059,지방도,고갯길,1.8
경기도 양평군,군도15호선,37.525693,127.6027995,37.5235329,127.5998881,군도,고갯길,0.4
대구광역시 남구,앞산순환로,35.8326303,128.5797076,35.8289662,128.5612387,지방도,기타,2
경상남도 창녕군 건설교통과,군도2호,35.44277,128.57177,35.43963,128.56797,군도,고갯길,0.7
대구광역시 북구,대구역지하차도 북편,35.8770608,128.5949577,35.8764359,128.5949152,특별시도·광역시도,지하차도,0.02
경기도 양주시,지방도371호선,37.8466024,127.053886,37.8509648,127.0408244,지방도,고갯길,0.5
울산광역시 남구,화합로,35.5326689,129.3410899,35.5257418,129.343749,시도,고갯길,0.8
부산광역시 남구,이면도로,35.1270232,129.0887953,35.1266089,129.0886084,지방도,급경사,0.1
경상남도 창원시 마산합포구,석곡로,35.1184833,128.540989,35.1170669,128.5800994,지방도,고갯길,4.3
부산광역시 남구,이면도로,35.1295893,129.0713276,35.1285463,129.0744531,지방도,급경사,0.6
경상남도 김해시,중로1-4호선,35.2423653,128.9005064,35.232749,128.8933177,시도,급경사,0.5
경상북도 포항시 북구,도시계획도로,36.0613503,129.3703813,36.0688787,129.3721193,시도,고갯길,0.5
부산광역시 남구,이면도로,35.1138923,129.0873987,35.1142017,129.0875118,지방도,급경사,0.5
광주광역시 동구,지호로,35.1492739,126.9425602,35.1495509,126.9468845,지방도,급경사,0.6
부산광역시 남구,대연동1204-152,35.1330367,129.0879753,35.1321447,129.0869225,지방도,급경사,0.13
세종특별자치시,한누리대로,36.5136211,127.259653,36.5136211,127.259653,특별시도·광역시도,고가도로,1.93
세종특별자치시,미리내로,36.5159662,127.2659491,36.5159662,127.2659491,특별시도·광역시도,급커브,0.55
경기도 시흥시,시도1호선,37.4620203,126.8011603,37.4619041,126.801289,시도,고갯길,1.1
경기도 양주시,지방도360호선,37.8176753,127.102811,37.8095144,127.1201226,지방도,고갯길,1
강원특별자치도 양구군,면도102,38.27766,128.1302253,38.2580057,128.1140748,농어촌도로,기타,2.7
경상남도 창원시 진해구,공지곡 고개,35.11,128.79,35.11,128.8,일반국도,고갯길,1
서울특별시 노원구 안전교통건설국 토목과,덕릉로126가길(희망촌),37.670274,127.083119,37.6699622,127.0845414,구도,급경사,0.14
경기도 안산시,중로1-134(항아리고갯길),37.3386221,126.8511696,37.3434671,126.8427907,시도,고갯길,0.92
부산광역시 부산진구,복지로(복지로2 ~ 복지로85번길 20),35.15288,129.02016,35.14501,129.02017,지방도,고갯길,1.1
서울특별시 강북구,솔매로,37.6248622,127.0166201,37.6243436,127.012683,구도,고갯길,0.4
경상남도 창원시 성산구,전기연구원,35.191726,128.719844,35.190402,128.722966,시도,상습정체,0.4
경상남도 창원시 성산구,지방도1020호선(창원터널),35.192134,128.721521,35.1885216,128.7317003,시도,터널,1.5
경상남도 창원시 성산구,완암사거리,35.21023,128.657272,35.209038,128.651499,시도,상습정체,0.3
충청남도 서산시,농어촌도로 ,36.6944719,126.3925316,36.6853232,126.4052991,농어촌도로,고갯길,2.9
충청남도 태안군,군도7호선,36.8165233,126.1602456,36.825443,126.1608796,군도,산악지대,1.5
경상남도 창원시 성산구,국도2호선(장복터널),35.186275,128.638237,35.1786636,128.6416998,시도,터널,1.2
경기도 양평군,국지도88,37.4516137,127.4891509,37.448074,127.4881402,지방도,고갯길,0.5
경상남도 창원시 의창구,국도14호선,35.2576037,128.6079275,35.2533613,128.6024086,일반국도,고가도로,1
경상남도 합천군,지방도1026호선,35.519678,128.0616397,35.5147876,128.0726952,지방도,기타,2.3
경상남도 도로관리사업소,지방도 1021호,35.4254219,128.4473247,35.4299989,128.4434353,지방도,고갯길,1
국토교통부 부산지방국토관리청 진영국토관리사무소,국도20호선,35.5333971,128.4270109,35.5199718,128.4169913,일반국도,고갯길,2.1
경상남도 창원시 마산합포구,평암로,35.1467488,128.370417,35.1504692,128.390465,시도,고갯길,2
부산광역시 북구,운수사길,35.1938875,129.0059123,35.1928056,129.0087004,일반국도,산악지대,1
강원특별자치도 춘천시,오월리 구도로,37.9828225,127.6436761,37.9852858,127.6460134,시도,램프,0.5
강원특별자치도 고성군,군도8호선(잼버리도로),38.2110917,128.4885805,38.227798,128.5060358,군도,고갯길,3.1
경상남도 창원시 성산구,국도25호선(안민터널),35.183692,128.703621,35.1816359,128.7024179,시도,터널,0.9
강원특별자치도 횡성군,면도103호선,37.5118087,127.9781561,37.512766,127.9813663,농어촌도로,고갯길,0.4
세종특별자치시,운주산로,36.6594217,127.2321815,36.661336,127.2189113,시도,고갯길,1.1
서울특별시 관악구,대학길(대학길 127),37.4653121,126.9383884,37.4643444,126.9399165,구도,기타,0.3
경상남도 창원시 진해구,대발령고개,35.12,128.72,35.11,128.71,일반국도,고갯길,1
서울시설공단,강남순환로,37.4384783,126.9052217,37.4382059,126.9040912,시도,램프,0.28
경상남도 도로관리사업소,지방도1001호,35.33048,127.91416,35.36715,127.91395,지방도,고갯길,2
경상남도 의령군 안전건설국 건설과,군도7호,35.4266215,128.2099004,35.4245489,128.2001687,군도,고갯길,1.5
경상남도 합천군,국도24호,35.5501248,128.3074056,35.5519485,128.2985956,일반국도,고갯길,0.9
경상남도 도로관리사업소,지방도1001,35.36284,127.90468,35.33822,127.90616,지방도,고갯길,2
경상북도 포항시 남구,도시계획도,36.0314808,129.3138679,36.0272681,129.3035752,시도,고갯길,1.1
울산광역시 울주군,군도30호선,35.6458434,129.0629309,35.6162878,129.0670834,군도,고갯길,4
충청북도 단양군,빗재,36.8571709,128.321761,36.8298507,128.3180264,군도,고갯길,7.8
부산광역시 부산진구 안전교통국 안전도시과,백양산로,35.1772932,129.0318306,35.1761498,129.0269282,지방도,고갯길,640
강원특별자치도 도로관리사업소 도로보수과,국도56호선,37.8770811,127.8230708,37.8746299,127.8331508,위임국도,고갯길,1.3
대구광역시 서구,상리지하차도,35.8832765,128.5337542,35.8818978,128.5326063,특별시도·광역시도,지하차도,0.16
경상남도 창원시 마산합포구,해양관광로,35.1164471,128.4883464,35.1184642,128.5409774,지방도,고갯길,7.8
부산광역시 부산진구 안전교통국 안전도시과,진남로,35.1541836,129.0719621,35.1578802,129.0761632,지방도,고갯길,565
경상남도 거창군,군도5호선,35.7575214,127.7398531,35.7425234,127.7338646,군도,고갯길,4.3
부산광역시 부산진구,백양관문로(백양관문로 3 ~ 백양관문로 153),35.15947,129.03118,35.17174,129.02459,지방도,고갯길,1.5
서울특별시 도로사업소 동부도로사업소 도로보수과,영동대로,37.4967167,127.0698435,37.5137468,127.0604146,시도,상습정체,2.1
경상남도 창원시 진해구,국도2호선(태백동 고가교),35.15,128.67,35.17,128.65,일반국도,고가도로,1
경상남도 창원시 성산구,국도25호선(삼정자교),35.1969833,128.7112973,35.1921134,128.7078573,시도,고가도로,1.1
경상남도 창원시 마산합포구,합포로,35.2195891,128.5870608,35.2108373,128.5848135,시도,상습정체,1.1
전북특별자치도 장수군,무룡고개,35.6598666,127.6172366,35.6414844,127.6153608,지방도,고갯길,1.4
전라남도 신안군 지도읍,군도29호선,35.0398356,126.1709921,35.04066,126.1647528,군도,고갯길,0.8
부산광역시 남구,이면도로,35.1256133,129.0947557,35.1252282,129.0948278,지방도,급경사,0.09
부산광역시 남구,이면도로 ,35.1161155,129.0954114,35.1167484,129.0993958,지방도,급경사,0.5
경상남도 의령군 안전건설국 건설과,국도20호,35.4309897,128.3442507,35.4066118,128.3341277,일반국도,고갯길,3.2
인천광역시 미추홀구,숙골로,37.4677328,126.6656043,37.4652324,126.6678914,시도,고가도로,0.2
부산광역시 남구,이면도로,35.1382596,129.0746512,35.1387336,129.0746212,지방도,급경사,0.05
부산광역시 남구,마을안길,35.1359418,129.0762305,35.1358558,129.0769402,지방도,급경사,0.07
경상남도 김해시,대로1-1-3호선,35.2382731,128.8376503,35.2323384,128.8517069,시도,급경사,0.4
부산광역시 남구,진남로178~진남로178-20,35.1423023,129.0784557,35.1426354,129.0793516,구도,급경사,0.1
경상남도 창원시 성산구,봉암교교차로,35.2115753,128.612714,35.20707,128.625637,시도,교차로,0.9
경기도 안성시,국지도23호선,37.0629979,127.1812496,37.069961,127.1611111,지방도,고갯길,2.97
대구광역시 북구,칠곡지하차도,35.9321466,128.5483932,35.9333764,128.5485662,특별시도·광역시도,지하차도,0.15
부산광역시 남구,이면도로,35.1211283,129.0995844,35.1186224,129.103973,지방도,급경사,0.7
인천광역시 남동구,함박뫼로,37.4084944,126.7134677,37.4087607,126.7127639,구도,급경사,0.1
경상남도 김해시,지방도1042호선,35.220798,128.7905151,35.222853,128.7775173,지방도,급경사,2.36
대전광역시 중구,방아미로,36.2773809,127.3987266,36.2680433,127.3912434,지방도,고갯길,1.1
부산광역시 남구,이면도로,35.1278931,129.0866418,35.1274398,129.0869526,지방도,급경사,0.1
부산광역시 남구,이면도로,35.1189064,129.1153348,35.1181073,129.1176415,지방도,급경사,0.3
경상남도 창원시 마산합포구,자산삼거리로,35.2070534,128.5636285,35.2052782,128.5648941,시도,급경사,1
경상남도 창원시 마산합포구,천하장사로,35.2117442,128.5755444,35.2107739,128.5633397,시도,교차로,1.1
부산광역시 서구,천해로,35.0822965,129.0215498,35.0831039,129.017306,지방도,고갯길,0.6
서울특별시 금천구,산기슭도로,37.46264,126.907012,37.46397,126.906744,구도,고갯길,4
부산광역시 남구,진남로198번길70~진남로198번길114,35.1450543,129.0800158,35.1459705,129.0817238,지방도,급경사,0.3
부산광역시 남구,이면도로,35.1144077,129.1087524,35.1144979,129.1096294,지방도,급경사,0.08
부산광역시 남구,이면도로,35.125411,129.1168172,35.1253858,129.1188153,지방도,급경사,0.2
울산광역시 울주군,국지도69호선,35.6180009,129.0393321,35.636183,129.0400379,지방도,산악지대,5.7
울산광역시 울주군,군도2호선,35.6579134,129.0714851,35.6705336,129.0848599,군도,고갯길,2
서울특별시 광진구,"영화사로11,13길",37.5550506,127.0934098,37.5561105,127.0953211,구도,고갯길,0.46
부산광역시 남구,이면도로,35.1448481,129.0693887,35.1455176,129.069914,지방도,급경사,0.28
경상남도 창원시 진해구 안전건설과,평발고개,35.11,128.76,35.11,128,일반국도,고갯길,2
충청북도 충주시,충일중 주변로,36.9698275,127.9412521,36.9743984,127.9432043,군도,급경사,0.6
서울특별시 성동구,금옥초교 앞,37.5480033,127.021159,37.5459318,127.0179071,시도,급경사,0.4
부산광역시 남구,마을안길,35.1158642,129.0948036,35.1155727,129.0935557,지방도,급경사,0.15
서울특별시 성동구,옥수파크힐스(금호역~매봉길),37.5481679,127.0154545,37.5481679,127.0154545,구도,급경사,0.3
서울특별시 금천구,기아로,37.43869,126.90288,37.43864,126.8994,시도,고가도로,0.33
서울특별시 성동구,자이~래미안,37.5528174,127.0237708,37.5510116,127.023007,구도,급경사,0.3
강원특별자치도 횡성군,군도12호선,37.5536067,128.2126483,37.5553477,128.2109765,군도,고갯길,0.4
부산광역시 남구,마을안길,35.131915,129.069453,35.1314144,129.0691367,지방도,급경사,0.1
부산광역시 남구,이면도로,35.1251763,129.0930432,35.1236132,129.0923188,지방도,급경사,0.07
부산광역시 남구,이면도로,35.1284453,129.0875031,35.1286172,129.0873721,지방도,급경사,0.13
부산광역시 남구,이면도로,35.1351323,129.0694287,35.1339475,129.0702035,지방도,급경사,0.2
경기도 포천시,56호선,37.8620803,127.1448017,37.8620802,127.1447613,지방도,고갯길,9.5
경상남도 합천군,국도24호선,35.6570954,128.1175809,35.6526746,128.1220592,일반국도,기타,0.7
경기도 수원시 장안구 안전건설과,광교산로140번길,37.2998216,127.0319221,37.2997267,127.0307812,시도,급경사,0.11
경기도 수원시 팔달구 안전건설과,창룡문로,37.2865612,127.0267339,37.2864128,127.0261857,시도,기타,0.06
서울특별시 도로사업소 동부도로사업소 도로보수과,언주로,37.4985427,127.0447677,37.5309007,127.0340566,시도,상습정체,3.6
강원특별자치도 횡성군,면도101호선,37.3787019,128.1736014,37.381384,128.1713835,농어촌도로,고갯길,0.4
강원특별자치도 횡성군,군도11호선,37.519003,128.2544937,37.5176315,128.2503559,군도,고갯길,0.4
부산광역시 남구,이면도로,35.1314326,129.0683243,35.131915,129.069453,지방도,급경사,0.2
강원특별자치도 횡성군,군도4호선,37.5225573,128.0073717,37.5242345,128.0078962,군도,고갯길,0.4
강원특별자치도 횡성군,군도8호선,37.491897,127.9031844,37.4891334,127.8963434,군도,고갯길,0.4
서울특별시 양천구,국회대로,37.5314107,126.8842352,37.531063,126.8862116,시도,상습정체,0.19
경상북도 문경시,하늘재,36.7889,128.156,36.8147288,128.1120609,시도,고갯길,5.6
서울특별시 도로사업소 동부도로사업소 도로보수과,강동대로,37.5270702,127.1141444,37.5257422,127.1240718,시도,상습정체,0.91
경상남도 하동군,지방도1003호,35.0760874,127.8302678,35.0879435,127.8240225,지방도,고갯길,1
경상북도 포항시 남구,방장산 터널(여성병원~이동사거리),36.0215661,129.3542817,36.0256331,129.3387448,시도,고갯길,1.6
서울특별시 성동구,비트플렉스 뒷길,37.5656645,127.0385763,37.5607891,127.0392049,구도,급경사,0.7
충청남도 아산시,동화지구,36.7181493,126.9725832,36.7181493,126.9725832,농어촌도로,고갯길,0.5
서울특별시 관악구,난곡로,37.4614748,126.9248681,37.4642719,126.9187493,구도,기타,0.99
경상북도 봉화군,지방도915,37.0124065,128.7566901,37.0079115,128.7763499,지방도,고갯길,2
경상남도 도로관리사업소,지방도1018호선,34.8337223,128.6463594,34.829994,128.6435636,지방도,고갯길,0.7
경상북도 문경시,연소길,36.6155648,128.2583356,36.6117539,128.261819,시도,수변도로,0.8
경상북도 문경시,영풍로,36.5777643,128.23379,36.5638827,128.2362622,지방도,고갯길,1.7
경상북도 문경시,이화령,36.7434256,128.076458,36.7516746,128.0328291,지방도,고갯길,6.5
대구광역시 동구,팔공로,35.9573291,128.7102267,35.9629002,128.7419776,특별시도·광역시도,고갯길,3.1
경상북도 포항시 남구,공단 정수장 고개(공단변전소~철강관리공단),35.9808521,129.3710876,35.9784813,129.3788616,시도,고갯길,1
경상북도 문경시,돈달로,36.5983875,128.1947216,36.606415,128.2050214,시도,기타,1.4
경상북도 고령군,군도 6호선,35.6796671,128.2935641,35.6688737,128.2941559,군도,고갯길,3
서울특별시 성동구,한림말3길,37.5423589,127.0159878,37.5439676,127.0156204,구도,급경사,0.2
경상북도 포항시 북구,도시계획도로,36.0456053,129.3591009,36.0430263,129.359375,시도,고갯길,0.6
경상남도 도로관리사업소,1007호선,35.0645951,128.2881822,35.0704002,128.2866851,지방도,기타,1.5
경상북도 문경시,대야로,36.6704921,127.9945235,36.6933602,127.8946747,지방도,고갯길,10.9
서울특별시 영등포구,대림로22길 (대림로136),37.4934206,126.9012641,37.4946604,126.9035802,구도,급경사,0.26
경상북도 포항시 남구 장기면,시도2호선,35.9372158,129.4434232,35.925612,129.4480294,시도,고갯길,2
경상북도 문경시,흥덕로,36.6009501,128.2061631,36.6001282,128.2078536,시도,교량,0.2
서울특별시 노원구 교통건설국 토목과,공릉지하차도,37.6299467,127.0678741,37.6334177,127.0666804,구도,지하차도,0.4
서울특별시 도로사업소 성동도로사업소 도로보수과,올림픽대로,37.5331037,127.0356438,37.5337223,127.0342537,특별시도·광역시도,램프,0.8
경기도 수원시 팔달구 안전건설과,세지로385번길,37.2849496,127.0260227,37.2850245,127.025387,시도,기타,0.06
부산광역시 남구,마을안길,35.1371914,129.0761655,35.1367145,129.0755592,지방도,급경사,0.1
세종특별자치시,태산로(면도101),36.5189129,127.3488932,36.5195889,127.3521638,농어촌도로,고갯길,0.32
경기도 수원시 권선구 안전건설과,구운동,37.2800816,126.9785337,37.2800816,126.9785337,시도,기타,0.79
충청북도 영동군 건설교통과,군도21호,36.1266964,127.7365006,36.1327801,127.7387168,군도,고갯길,3
경상남도 거제시,국도14호선,34.8893566,128.4961945,34.8986934,128.50877,일반국도,급경사,1
경상남도 거제시,시도13호선,34.9373657,128.7126499,34.9424497,128.7164079,시도,급경사,1
경상남도 도로관리사업소,국도14호선,34.791973,128.665428,34.778178,128.652801,위임국도,급경사,3.7
대구광역시 남구,앞산순환로,35.833001,128.5856819,35.8331497,128.5940621,지방도,기타,1.3
강원특별자치도 삼척시,도시계획도로,37.4486835,129.1564759,37.4470012,129.1605807,시도,고갯길,0.4
부산광역시 기장군,곡천길(군도21호선),35.2767783,129.1910732,35.2776579,129.1962935,군도,급경사,0.6
경상북도 문경시,칠봉로,36.5764205,128.001328,36.5532,128.0016,지방도,고갯길,2.8
부산광역시 기장군,금정경계(군도17호선),35.2774676,129.1335223,35.2830222,129.127018,군도,급경사,1
충청남도 서산시,농어촌도로,36.7887982,126.4238557,36.7879559,126.4089624,농어촌도로,고갯길,2
경상남도 창원시 마산회원구,호원로,35.2485992,128.523827,35.2407854,128.5375904,지방도,고갯길,1.7
부산광역시 사상구,동서대 진입로,35.1508508,129.0112574,1,1,일반국도,고갯길,1.5
서울특별시 도로사업소 남부도로사업소 도로보수과,동작대로,37.5055994,126.9797458,37.5153232,126.9831503,시도,교량,1.8
서울특별시 동대문구 건설교통국 도로과,청량리동 11-5,37.5869699,127.0500829,37.5869209,127.050183,구도,급경사,0.02
경상남도 창원시 마산회원구,봉암교 삼거리,35.214738,128.6145731,35.2135858,128.6178857,시도,상습정체,0.5
충청북도 충주시,한마음 빌딩고개,36.9692621,127.9303003,36.9610034,127.9267532,군도,급경사,0.9
서울특별시 성동구,삼성~벽산아파트,37.550585,127.0264065,37.5490632,127.0288464,구도,급경사,0.3
전라북도 임실군,군도,35.5947125,127.122997,1,1,군도,산악지대,2.3
경기도 여주시,시도,37.1961323,127.7307199,37.2004795,127.7268367,시도,고갯길,1.5
경상남도 도로관리사업소,1049,35.107692,128.058907,35.1097751,128.0584321,지방도,고갯길,0.3
경상남도 창원시 마산합포구,고운로,35.2009814,128.5674125,35.1938925,128.5617041,시도,급경사,1
경상북도 영덕군,국지도20호선,36.5054998,129.4169605,36.5062478,129.4261034,지방도,터널,1
대전광역시 중구,보문산로,36.3177311,127.4156407,36.3043122,127.3825665,지방도,고갯길,3.7
강원특별자치도 태백시,424지방도,37.2611,128.9955,1,1,지방도,고갯길,8.2
경상남도 김해시,대로3-1-3,35.2535347,128.9023485,35.2396582,128.9041621,시도,급경사,0.8
대구광역시 중구 행정안전국 안전총괄과,명륜로,35.8640462,128.5936377,35.8629696,128.5944745,지방도,기타,0.15
경기도 여주시,고갯길,37.3911754,127.4166134,37.3929706,127.4200569,지방도,고갯길,1
대구광역시 서구,서평지하차도,35.8822405,128.5495191,35.8798307,128.5493413,특별시도·광역시도,지하차도,0.3
대전광역시 중구,산서로,36.2909493,127.3881011,36.2817245,127.3946703,지방도,고갯길,1.5
부산광역시 사상구,대덕여고 진입로,35.1792282,128.9909051,1,1,일반국도,고갯길,0.5
경상남도 김해시,대로3-1-3호선,35.2536623,128.9022465,35.2965068,128.8797583,시도,급경사,1.5
경상남도 창원시 마산회원구,무학로,35.22486,128.5703307,35.2179201,128.5603667,시도,급커브,0.5
충청북도 충주시,지현현대@ 진입도로,36.9641497,127.9289048,36.964745,127.9331616,군도,급경사,0.5
강원특별자치도 춘천시,군도18호선,37.995139,127.81847,37.984333,127.818469,군도,고갯길,2.7
충청남도 서산시,시도11,36.8423653,126.3733693,36.8514972,126.3908061,지방도,고갯길,2
세종특별자치시,도남2길(시도2),36.4382371,127.238646,36.4405528,127.2436725,시도,고갯길,0.68
강원특별자치도 춘천시,군도3호선,37.781626,127.678893,37.77679,127.660906,군도,고갯길,2.7
경상북도 포항시 남구,오천 문덕재(공단내 포함),35.9651678,129.387164,35.963583,129.399302,시도,고갯길,1.15
인천광역시 연수구,인권로,37.4183032,126.6502915,37.4194369,126.6534365,구도,고갯길,0.3
인천광역시 남동구,소래로,37.4011673,126.7403375,37.3966543,126.7421999,시도,고가도로,0.6
국토교통부 대전지방국토관리청 예산국토관리사무소 도로안전운영과,국도45호선,36.6970949,126.5715781,36.6658132,126.590179,위임국도,고갯길,6
경상남도,지방도1013호,35.2559799,128.1509675,35.2601739,128.1618078,지방도,고갯길,0.5
서울특별시 동대문구 건설교통국 도로과,한천로51길,37.5860143,127.0672036,37.5860785,127.0666827,구도,급경사,0.03
경기도 시흥시,국도39호선,37.424202,126.7832874,37.4243239,126.7851609,일반국도,고갯길,0.8
경상남도 의령군 안전건설국 건설과,군도5호,35.4999752,128.3834436,35.4855119,128.374431,군도,고갯길,1.7
전북특별자치도 장수군,지방도743호,35.7265751,127.6353208,35.7431608,127.6371433,지방도,고갯길,1.4
경상남도 의령군 안전건설국 건설과,군도12호,35.3474695,128.1325166,35.3585113,128.1412371,군도,기타,3.2
서울특별시 성동구,고산자로,37.5541697,127.0342785,37.5519846,127.0351324,시도,급경사,0.4
서울특별시 동대문구 건설교통국 도로과,전농동 산32-20~43-5,37.5806918,127.0643588,37.5783993,127.0620277,구도,급경사,0.1
경상남도 의령군 안전건설국 건설과,지방도 1013호선,35.2791137,128.1953717,35.2856184,128.1810773,지방도,고갯길,2
강원특별자치도 횡성군,군도21호선,37.5334157,128.2939142,37.5334157,128.2939142,군도,고갯길,0.4
경상북도 봉화군,지방도915,36.8729069,128.7480275,36.8653135,128.764626,지방도,고갯길,3
경상남도 거창군,감악산로(군도16호),35.6128049,127.9184508,35.6022152,127.9134749,군도,고갯길,2.1
경상남도 의령군 안전건설국 건설과,지방도 1037호선,35.2858823,128.2550955,35.2695674,128.2646974,지방도,고갯길,2.7
통일준비위원회,$$도로명,36.4183585,127.5341342,36.4202184,127.5373095,군도,교량,0
경기도 동두천시,364호선,37.8902443,127.1069182,37.8906346,127.1104763,지방도,교량,90.78
경기도 동두천시,364호선,37.894582,127.0730064,37.8942376,127.0825171,지방도,고갯길,90.78
서울특별시 성동구,난계로,37.5538294,127.0248113,37.5528618,127.0253012,시도,급경사,0.4
경기도 동두천시,364호선,37.8902103,127.1070595,37.8910042,127.1222621,지방도,터널,90.78
경기도 동두천시,364호선,37.8902694,127.1333806,37.8863033,127.13594,지방도,터널,2.5
경기도 동두천시,379호선,37.8658855,127.107525,37.8682441,127.1080334,지방도,터널,25.77
경상북도 고령군,군도 8호선,35.7589672,128.3333949,35.7616376,128.3450561,군도,고갯길,2
광주광역시 북구,송강로,35.1618798,126.9796805,35.1867915,127.0029674,지방도,급경사,2
경상남도 의령군 안전건설국 건설과,지방도 1013호선,35.3091859,128.1892343,35.3309856,128.199229,지방도,고갯길,3.1
경기도 용인시 처인구 도로과,지방도321호,37.2276516,127.1710477,37.2129043,127.1697563,지방도,급경사,6
경상북도 고령군,군도10호선,35.6773197,128.3444126,35.6565823,128.3756343,군도,고갯길,4
경상남도 창원시 마산합포구,해안대로,35.2117004,128.5757088,35.2108326,128.5861948,시도,상습정체,1
경상북도 영덕군,마을안길,36.6476596,129.3780061,36.6499814,129.3799334,농어촌도로,기타,1.5
경상북도 영덕군,마을안길,36.6468439,129.3694222,36.6495548,129.3677465,농어촌도로,기타,1.5
광주광역시 북구,서강로,35.1825597,126.8744608,35.1845182,126.8767223,지방도,급경사,0.4
경상남도 양산시,지방도1051호선,35.4097261,128.9963434,35.4307296,128.9843913,지방도,고갯길,5
경기도 포천시,368호선,37.9743963,127.1016214,37.9744606,127.1016752,지방도,고갯길,6
충청남도 태안군,군도 11호선,36.5166332,126.3309579,36.5162487,126.3311653,군도,산악지대,0.5
경기도 용인시 처인구 도로과,국지도57호,37.1892456,127.2796224,37.1817202,127.2903812,지방도,급커브,1.5
강원특별자치도 춘천시,군도3호선,37.746423,127.645134,37.7422507,127.634863,군도,고갯길,1.2
충청남도 태안군,농어촌도로 201호,36.7310822,126.307419,36.7294754,126.310808,농어촌도로,산악지대,0.5
경기도 하남시 교통건설국 도로관리과,시도180호선(상여고개),37.5211525,127.1853287,37.5214252,127.1762639,시도,고갯길,0.9
서울특별시 성동구,독서당로46길,37.5476088,127.0229708,37.5476088,127.0229708,구도,급경사,0.24
서울특별시 성동구,난계로,37.5578128,127.0237859,37.5578128,127.0237859,구도,급경사,0.08
경상남도 함양군,"마을안길, 인도 등",35.5423058,127.7174076,35.5423058,127.7174076,군도,기타,0
세종특별자치시,용연로,36.5551157,127.2203157,36.5485975,127.2092226,시도,고갯길,1.3
대전광역시 중구,어덕마을로,36.332787,127.4013114,36.3478204,127.4046549,지방도,기타,2.7
경기도 안산시,가루개로,37.3470761,126.8466652,37.3459203,126.8382094,시도,고갯길,0.8
경기도 하남시 교통건설국 도로관리과,국도43호선(은고개),37.4820085,127.239893,37.4770266,127.2404521,위임국도,급경사,0.6
강원특별자치도 춘천시,군도8호선,37.959256,127.779536,37.974961,127.787208,군도,고갯길,1.9
세종특별자치시,왕의물로,36.6929438,127.2050779,36.6932224,127.2056146,시도,고갯길,0.3
강원특별자치도 도로관리사업소 도로보수과,지방도424호,37.4764739,128.3868388,37.482559,128.3940983,지방도,기타,1.3
강원특별자치도 삼척시,농어촌도로 205호,37.2073576,129.0827375,37.2295157,129.0993717,농어촌도로,급경사,3.5
강원특별자치도 태백시,427지방도,37.1726,129.0403,37.1733,129.8422,일반국도,고갯길,0.2
충청남도 청양군,군도2호,36.4355786,126.8878727,36.4347592,126.8919965,군도,터널,0.46
부산광역시 남구,이면도로,35.1255817,129.0929169,35.1232335,129.0903527,지방도,급경사,0.68
강원특별자치도 도로관리사업소 도로보수과,국도56호선,37.7464206,128.3073416,37.7384839,128.2967864,위임국도,고갯길,2
부산광역시 남구,이면도로 ,35.1257453,129.0880214,35.1262692,129.0878192,지방도,급경사,0.1
강원특별자치도 춘천시,군도14호선,37.96757,127.581239,37.960913,127.583106,군도,고갯길,1
세종특별자치시,원봉2길(시도2),36.4480233,127.2565995,36.4472234,127.2503357,시도,고갯길,0.7
부산광역시 남구,이면도로,35.1479351,129.097625,35.1481086,129.0986359,지방도,급경사,0.18
부산광역시 남구,이면도로,35.1331443,129.0871182,35.1317213,129.0855234,지방도,급경사,0.23
경기도 양평군,마을안길,37.4766947,127.6924518,37.471886,127.6824582,일반국도,기타,1.3
서울특별시 성동구,난계로4길,37.5577716,127.0246663,37.5601433,127.0267915,구도,급경사,0.37
서울특별시 성동구,독서당로59길,37.5530825,127.0299262,37.5531694,127.0298816,구도,급경사,0.5
충청남도 청양군,군도8호,36.3952167,126.8823324,36.3947962,126.8848157,군도,터널,0.25
경상남도 창원시 마산회원구,3.15대로,35.2484281,128.5946372,35.2494355,128.596193,위임국도,교차로,0.3
경상남도 합천군,군도1호,35.6171467,128.2915654,35.6317645,128.2878322,군도,기타,2.3
부산광역시 남구,이면도로,35.1386155,129.1069699,35.1423416,129.1027338,지방도,지하차도,0.5
경기도 수원시 영통구 안전건설과,영통로 241번길,37.2493145,127.0567072,37.24883,127.0574634,지방도,기타,0.09
강원특별자치도 도로관리사업소 도로보수과,지방도424호,37.7020014,128.3995434,37.7127603,128.4029682,지방도,고갯길,1.3
서울특별시 성동구,금호산8길,37.5492861,127.0217341,37.550132,127.0229052,구도,급경사,0.35
서울특별시 성동구,독서당로62길,37.5499506,127.0310753,37.5497689,127.0319642,구도,급경사,95
강원특별자치도 도로관리사업소 태백지소,국지28호,37.3671198,128.9156694,37.2943097,128.8829357,지방도,고갯길,10
서울특별시 성동구,독서당로62길,37.5498978,127.0311062,37.5498018,127.0320085,구도,급경사,0.11
강원도 홍천군 건설안전국 건설과,원소리고개,37.7288102,127.7767242,37.7205834,127.7533507,군도,고갯길,2
강원특별자치도 도로관리사업소 도로보수과,지방도424호,37.6831689,128.3921464,37.6730044,128.3866594,지방도,고갯길,1.3
강원특별자치도 도로관리사업소 태백지소,지421호,37.337895,128.7937448,37.3941913,128.8696699,지방도,고갯길,13.5
전북특별자치도 고창군,검산리 215-1,35.4515411,126.5041615,35.4515411,126.5041615,군도,교차로,1
서울특별시 성동구,금호산길,37.5517757,127.0194489,37.5504307,127.0193774,구도,급경사,0.16
경상남도 창원시 마산회원구,국도 14호선,35.221536,128.5743499,35.221536,128.5743499,위임국도,기타,0.1
경상남도 창원시 마산회원구,소로1류(3-4),35.2573058,128.5128193,35.2645484,128.5036583,시도,고갯길,0.5
경상남도 창원시 마산회원구,중로1류 113,35.2487189,128.5998137,35.2487189,128.5998137,시도,급커브,0.4
서울특별시 성동구,고산자로,37.5555696,127.0343073,37.5555696,127.0343073,구도,기타,0.25
세종특별자치시,대첩로,36.5943444,127.2882949,36.5950241,127.2816038,시도,고갯길,0.8
서울특별시 성동구,금호로1길,37.5467128,127.0230386,37.5474243,127.0236025,구도,급경사,0.16
서울특별시 성동구,금호로1길,37.5464773,127.0231357,37.5464773,127.0231357,구도,급경사,0
서울특별시 성동구,매봉길,37.5465751,127.0134877,37.5462428,127.0109496,구도,급경사,0.25
인천광역시 강화군 도로과,초지대교,37.6279187,126.5336585,37.6364324,126.547124,지방도,교량,1.2
인천광역시 강화군 도로과,석모대교,37.7077437,126.3555446,37.6948104,126.3485816,지방도,교량,1.5
경기도 동두천시,탑신로,37.8904997,127.1327499,37.880719,127.1382032,시도,고갯길,3
서울특별시 성동구,난계로,37.5568192,127.0236507,37.5568192,127.0236507,구도,급경사,0.04
충청북도 괴산군,군도16호선,36.7886029,127.8603348,36.7664272,127.8418401,군도,기타,4
서울특별시 송파구,동남로,37.488954,127.121404,37.491409,127.126081,구도,고갯길,0.6
서울특별시 성동구,성동지하차도,37.5610851,127.0354147,37.5610851,127.0354147,시도,지하차도,0.4
서울특별시 성동구,응봉동 예수동문교회 앞,37.5499984,127.0325222,37.5498377,127.0308325,구도,급경사,0.2
서울특별시 성동구,독서당로,37.5453709,127.01701,37.5463238,127.0182454,구도,급경사,0.16
서울특별시 성동구,행당로,37.5557029,127.0228404,37.5560337,127.0226934,구도,급경사,0.04
인천광역시 강화군 도로과,여우재고개,37.6226099,126.4806883,37.6259417,126.4874947,군도,고갯길,1
인천광역시 강화군 도로과,하우고개,37.6740983,126.4147434,37.6764771,126.4160697,군도,고갯길,0.5
전라북도 임실군,군도,35.5565312,127.1401192,35.5555513,127.1329678,군도,산악지대,1.2
서울특별시 성동구,행당지하보차도,37.5586524,127.038894,37.5586524,127.038894,구도,지하차도,0.05
충청북도 괴산군,군도1호선,36.8582928,127.6463733,36.8382218,127.6517879,군도,기타,3
세종특별자치시,솔티로,36.6102942,127.2176589,36.6221508,127.2176356,시도,고갯길,0.5
서울특별시 성동구,매봉18길,37.5535703,127.0176106,37.5535703,127.0176106,구도,급경사,0.25
경상북도 포항시 북구,이면도로,36.0554339,129.3766631,36.0553126,129.3763936,시도,기타,0.02
서울특별시 강남구,테헤란로,37.5021549,127.0424857,37.4984158,127.0283557,시도,고갯길,1.5
서울특별시 강남구,삼성로,37.518589,127.0505588,37.4944871,127.0626594,시도,고갯길,1.6
충청북도 괴산군,농어촌도로202호선,36.6652108,127.7559038,36.6675696,127.7648078,농어촌도로,기타,1.2
서울특별시 관악구,문성로38길(2)-문성로246,37.4784506,126.9306285,37.4754938,126.9300814,구도,기타,0.25
서울특별시 성동구,독서당로,37.5461169,127.0179317,37.5457144,127.0174091,구도,급경사,0.15
충청북도 괴산군,군도21호선,36.8215875,127.7869822,36.8451337,127.7989939,군도,기타,3
서울특별시 관악구,대학18길,37.4653649,126.9373311,37.4635908,126.9362056,구도,기타,0.3
서울특별시 성동구,행당로9길,37.5575806,127.0295291,37.5592263,127.0290097,구도,급경사,0.27
인천광역시 미추홀구,방축로,37.4768522,126.6706752,37.4755577,126.6744424,시도,고가도로,0.3
서울특별시 광진구,능동로59길,37.5689208,127.0844574,37.5689434,127.0850571,구도,고갯길,0.06
서울특별시 성동구,한림말길,37.5412421,127.012472,37.5412421,127.012472,구도,급경사,0.19
경기도 수원시,매탄동 915-2,37.2710178,127.0505944,37.2710178,127.0505944,시도,기타,0.1
서울특별시 관악구,관악로30길,37.4861643,126.9570395,37.4862823,126.9592168,구도,기타,0.7
경기도 수원시,망포동 413-6,37.2404112,127.058792,37.2413184,127.0586017,시도,기타,0.12
서울특별시 성동구,독서당로59길,37.5497564,127.0300462,37.5522513,127.0309763,구도,급경사,0.35
서울특별시 관악구,국회단지4길,37.4870825,126.9417392,37.4877079,126.9420187,구도,기타,0.07
충청북도 보은군 건설과,장안101호선(말티재),36.4974351,127.7828078,36.4990856,127.7908534,농어촌도로,상습정체,1
서울특별시 마포구,토정로,37.545782,126.910665,37.545722,126.91162,시도,지하차도,0.04
경기도 수원시,중로2-164,37.2506138,127.0581488,37.2501893,127.0581809,시도,고갯길,0.08
서울특별시 광진구,아차산로,37.5509993,127.1009283,37.5534162,127.0988395,구도,고갯길,1
서울특별시 성동구,매봉길,37.5456701,127.0150522,37.5456701,127.0150522,구도,급경사,0.14
경기도 수원시,중로2류 164,37.2492659,127.0568079,37.2489376,127.0573248,시도,고갯길,0.09
서울특별시 도봉구,방학로,37.6616524,127.0239327,37.6624241,127.0170918,시도,고갯길,0.6
서울특별시 성동구,무수막18길,37.5519253,127.019696,37.5533807,127.0211712,구도,급경사,0.1
인천광역시 강화군 도로과,진개고개,37.616152,126.4566813,37.6123927,126.455399,군도,고갯길,0.5
서울특별시 성동구,한림말길,37.5405215,127.0126823,37.5405215,127.0126823,구도,급경사,0.03
인천광역시 강화군 도로과,농도원고개,37.7313926,126.4534107,37.7386997,126.4564816,군도,고갯길,1
경기도 수원시,신원로 176,37.251847,127.0591309,37.2515529,127.0599468,시도,기타,0.09
서울특별시 관악구,문성로38길,37.4659532,126.9374088,37.4651727,126.9369075,구도,기타,0.08
인천광역시 강화군 도로과,널다리돈대,37.8176632,126.4435585,37.8093518,126.451087,군도,기타,1
서울특별시 강남구,남부순환로,37.494191,127.0636726,37.4960376,127.0707519,시도,기타,0.62
서울특별시 성동구,왕십리로31길,37.5619715,127.0268168,37.5634204,127.0276368,구도,급경사,0.17
인천광역시 남동구,남촌로93번길,37.4276694,126.714373,37.4276387,126.7156926,구도,급경사,0.1
서울특별시 마포구,서강로16길,37.5533784,126.9342475,37.5531258,126.9346041,구도,고갯길,0.03
서울특별시 마포구,모래내로,37.5660655,126.914043,37.566765,126.920143,시도,고가도로,0.13
대전광역시 중구,오류로,36.332787,127.4013114,36.3208464,127.4060737,지방도,기타,1.2
서울특별시 노원구 교통건설국 토목과,수락산로,37.6688927,127.0606413,37.6635793,127.0754975,구도,기타,1.4
대전광역시 중구,테미로,36.3180508,127.4198922,36.3222003,127.4226361,지방도,기타,0.5
서울특별시 용산구,잠수교북단지하차도,37.5203629,126.9946134,37.5203629,126.9946134,구도,지하차도,0.22
서울특별시 은평구,응암로14길,37.5889151,126.9224723,37.5890214,126.9212003,구도,고갯길,0.1
인천광역시 남동구,매소홀로,37.4392968,126.7186193,37.4394979,126.730283,특별시도·광역시도,급경사,0.8
인천광역시 남동구,논고개로,37.4263343,126.7346764,37.4058346,126.7234704,구도,급경사,2.1
충청북도 충주시,시도(칠금금릉),36.9828479,127.9093215,36.9858586,127.8953572,군도,기타,1.2
서울특별시 노원구 교통건설국 토목과,중계로,37.6368515,127.080182,37.6440362,127.0831058,구도,급경사,0.8
서울특별시 마포구,신수로,37.5498113,126.9356791,37.549377,126.9351904,구도,고갯길,0.06
대전광역시 중구,중교로,36.3275208,127.4302502,36.3237127,127.4201726,지방도,기타,0.9
서울특별시 은평구,은평로,37.5967069,126.908906,37.5985138,126.9095865,구도,고갯길,0.25
인천광역시 남동구,은봉로,37.4107566,126.7357651,37.4057087,126.7085875,구도,기타,2.6
인천광역시 미추홀구,아암대로,37.4490627,126.6312332,37.4443222,126.6323238,시도,고가도로,0.6
서울특별시 성동구,독서당로59길,37.5526566,127.0313311,37.5552717,127.033572,구도,급경사,0.34
서울특별시 동대문구 건설교통국 도로과,회기로10길,37.5903752,127.0471179,37.5891442,127.0478516,구도,급경사,0.16
서울특별시 용산구,백범로,37.5368754,126.9694299,37.5358115,126.9728705,특별시도·광역시도,고가도로,0.48
서울특별시 마포구,모래내로,37.567144,126.915047,37.569291,126.917761,시도,지하차도,0.18
대전광역시 중구,유등천동로,36.3338958,127.3989411,36.3043122,127.3825665,지방도,기타,3.8
서울특별시 성동구,한림말3길,37.5412316,127.0158694,37.5439676,127.0156204,구도,급경사,0.2
서울특별시 강남구,남부순환로,37.4852713,127.0417614,37.4901675,127.0531799,시도,기타,1.4
서울특별시 성동구,왕십리로31길,37.5622049,127.0270149,37.5627206,127.0272079,구도,급경사,0.08
서울특별시 용산구,보광로,37.5303556,126.9968558,37.5342838,126.9935297,구도,고갯길,0.57
서울특별시 용산구,신흥로,37.5458541,126.9854967,37.5463279,126.9850263,구도,고갯길,0.06
충청남도 논산시,시의국도23호,36.2044506,127.0779881,36.2081863,127.0747298,위임국도,교량,0.5
충청남도 논산시,덕지육교,36.2097047,127.1008883,36.2105387,127.0981341,시도,고가도로,0.24
충청남도 논산시,부창육교,36.1979949,127.0829857,36.2017194,127.0801844,시도,고가도로,0.5
서울특별시 용산구,새창로,37.5371093,126.9538449,37.5396325,126.9568748,구도,고갯길,0.06
대전광역시 중구,복수로,36.2745102,127.3769643,36.2714056,127.3790569,지방도,고갯길,0.4
대구광역시 동구,갓바위로,35.9585321,128.7102574,35.9683404,128.7237556,특별시도·광역시도,고갯길,2.1
서울특별시 강남구,밤고개로,37.4918263,127.0977945,37.4853782,127.1041166,시도,기타,0.7
인천광역시 강화군 도로과,진고개,37.7440172,126.4609271,37.7501362,126.4693914,군도,고갯길,0.5
서울특별시 도로사업소 남부도로사업소,서초대로,37.488127,126.9932148,37.4853949,126.9822187,시도,고갯길,1
서울특별시 동대문구 건설교통국 도로과,전농동 42-4,37.5780665,127.0622163,37.5784097,127.0650517,구도,급경사,0.45
서울특별시 강남구,언주로,37.4882638,127.0488547,37.4811605,127.0533402,시도,기타,0.86
서울특별시 강북구,방학로,37.6628793,127.012744,37.6623276,127.0169265,구도,고갯길,1
충청북도 괴산군,군도15호선,36.89236,127.8127375,36.9169854,127.8215235,군도,기타,3
인천광역시 강화군 도로과,목비고개,37.6708589,126.4888407,37.6679237,126.4909049,군도,급커브,1.5
인천광역시 강화군 도로과,장화고개,37.6202657,126.3811328,37.6228781,126.3806728,군도,고갯길,0.5
인천광역시 강화군 도로과,곤능고개,37.6964554,126.4208691,37.6982766,126.4282834,군도,고갯길,0.4
인천광역시 강화군 도로과,고인돌 앞,37.7727355,126.4235986,37.7728769,126.4343912,군도,급커브,0.5
인천광역시 강화군 도로과,장곶돈대,37.6306621,126.3763107,37.6353219,126.3752565,군도,고갯길,2
서울특별시 강남구,영동대로,37.4960376,127.0707519,37.4960376,127.0707519,시도,기타,0.3
서울특별시 성동구,금호산15길,37.5533166,127.017552,37.5536742,127.018993,구도,급경사,0.13
울산광역시 북구,구국도 31호선,35.578215,129.37849,35.5913133,129.4267215,일반국도,고갯길,6
서울특별시,청파로,37.5447108,126.9707941,37.544709,126.9717749,시도,지하차도,0.1
인천광역시 강화군 도로과,해안순환도로,37.709232,126.5144059,37.7015865,126.5228142,군도,기타,1
인천광역시 강화군 도로과,교동대교,37.7869071,126.3574966,37.7930131,126.3249504,지방도,교량,3.5
인천광역시 강화군 도로과,한가라지고개,37.7041786,126.3006992,37.6921943,126.3002463,군도,고갯길,0.5
인천광역시 강화군 도로과,보릿고개,37.6484979,126.4449027,37.649176,126.4409879,군도,고갯길,0.5
인천광역시 강화군 도로과,능안고개,37.667757,126.4180637,37.6740983,126.4147434,군도,고갯길,0.6
서울특별시 강북구,솔매로,37.6234368,127.0151912,37.6250261,127.0175737,구도,고갯길,0.35
서울특별시 노원구,공릉로42길,37.6243986,127.0822274,37.6255911,127.0857723,구도,급경사,0.35
서울특별시,만리재로,37.5518247,126.9630823,37.5550199,126.9684024,시도,고갯길,0.6
인천광역시 강화군 도로과,외포고개,37.7028907,126.3808455,37.7142745,126.3910026,군도,고갯길,1
인천광역시 강화군 도로과,대문리 고개,37.7244878,126.4812063,37.7172061,126.4716408,군도,고갯길,1
서울특별시 서초구,명달로,37.4778674,127.0068105,37.4824828,127.0046228,구도,고갯길,0.4
서울특별시 도로사업소 남부도로사업소,서초중앙로,37.4825278,127.0180091,37.4866435,127.0153515,시도,고갯길,0.5
서울특별시 강남구,논현로,37.5074822,127.0334245,37.5192146,127.0278996,시도,기타,1.4
서울특별시 강남구,광평로,37.4832554,127.0893644,37.4840109,127.0942829,시도,기타,0.5
인천광역시 남동구,만부로7번길,37.4656583,126.7377382,37.4663316,126.7382887,구도,급경사,0.1
서울특별시 동대문구 건설교통국 도로과,약령시로3길,37.5843492,127.0314062,37.5840389,127.0319045,구도,급경사,0.06
서울특별시,백범로,37.5395131,126.9611158,37.5407721,126.9571748,시도,고갯길,0.55
서울특별시 용산구,효창원로,37.5357736,126.9552663,37.5365582,126.9566545,구도,고갯길,0.15
인천광역시 강화군 도로과,광성보 입구,37.6635133,126.5275032,37.6629807,126.5255415,군도,급커브,0.1
인천광역시 강화군 도로과,고비고개,37.7375611,126.4533971,37.7366917,126.4489538,군도,고갯길,0.5
인천광역시 강화군 도로과,덕하고개,37.7918445,126.4126816,37.783299,126.401923,군도,고갯길,1
인천광역시 강화군 도로과,미구지고개,37.7435805,126.3873104,37.7362043,126.3887376,군도,고갯길,1
서울특별시 강남구,테헤란로,37.5030545,127.0431222,37.5102322,127.066792,시도,기타,2.3
충청남도 천안시,백석3로,36.8226609,127.125008,36.8205257,127.1230461,지방도,기타,0.4
충청남도 천안시,천안천공원3길,36.7992732,127.1466169,36.7989459,127.1470422,지방도,기타,0.2
충청남도 천안시,쌍용3길,36.8042062,127.1191295,36.8014868,127.1185775,지방도,기타,0.3
충청남도 천안시,유량로,36.8131136,127.1829939,36.8098215,127.1831686,지방도,기타,2
충청북도 괴산군,농어촌도로21호선,36.8706063,127.6983002,36.8702145,127.7098856,농어촌도로,기타,1
충청북도 괴산군,농어촌도로204호선,36.6627566,127.7545694,36.6725489,127.7563025,농어촌도로,기타,1
충청남도 천안시,위례성로,36.8886085,127.2663912,36.8833786,127.2714762,지방도,기타,2
충청남도 서산시,칠전1교차로,36.6733087,126.3888464,36.6675757,126.3874048,지방도,고갯길,2
충청남도 천안시,도장로,36.7517315,127.189229,36.7513321,127.1949787,지방도,기타,0.4
서울특별시 성동구,독서당로39길,37.5407046,127.0097778,37.54073,127.0108547,구도,급경사,0.15
인천광역시 남동구,만부로4번길,37.4663076,126.7389934,37.46687,126.7395049,구도,급경사,0.1
충청남도 천안시,쌍용11길,36.8019866,127.1237884,36.8006565,127.1234753,지방도,기타,0.5
충청남도 부여군,면도102,36.1860613,126.6981035,36.1899781,126.6950537,농어촌도로,고갯길,0.5
충청남도 천안시,백석로,36.8247273,127.1559478,36.8248889,127.1500918,지방도,기타,1
충청남도 천안시,덕전1길,36.802564,127.201873,36.807175,127.2119548,지방도,기타,1
충청남도 천안시,두정동 1802,36.8389408,127.1463157,36.8389748,127.1382327,지방도,기타,0.6
부산광역시 해운대구,재반로,35.2047334,129.1262027,35.2004569,129.1319363,지방도,고갯길,0.8
경기도 시흥시,시도9호선,37.4346771,126.8071465,37.4362683,126.8079099,시도,교차로,0.3
경기도 시흥시,시도42호선,37.4071933,126.7890635,37.406603,126.7898724,시도,교차로,0.7
경기도 시흥시,시도10호선,37.4287229,126.7722774,37.4287991,126.7755736,시도,고갯길,6
경기도 시흥시,시도4호선,37.4535999,126.8248665,37.4542532,126.8305049,시도,고갯길,1.1
경기도 포천시,360호선,37.8076856,127.1201702,37.8075676,127.1201167,지방도,고갯길,2.6
경기도 시흥시,시도9호선,37.4610277,126.8017662,37.4577961,126.8005331,시도,교차로,0.2
경기도 시흥시,시도9호선,37.449628,126.8102465,37.4505822,126.8114262,시도,교차로,0.4
충청북도 영동군 건설교통과,군도5호선,36.1704077,127.9162414,36.2070818,127.876826,군도,고갯길,5
충청북도 괴산군,농어촌도로101호선,36.808484,127.7646425,36.8175662,127.7708024,군도,기타,1
충청북도 괴산군,군도6호선,36.7663283,127.6263837,36.7696323,127.6387257,군도,기타,0.7
경기도 안성시,국지도82호선,37.0426794,127.4178768,37.0311187,127.4394499,지방도,고갯길,2.3
서울특별시 성동구,독서당로55길,37.5504316,127.0265625,37.5482644,127.0271013,구도,급경사,0.32
경상북도 포항시 북구,도시계획도로,36.0721286,129.3796978,36.070402,129.379753,시도,고갯길,0.5
부산광역시 해운대구,재송2로,35.1931596,129.1295187,35.1906405,129.1349062,지방도,급경사,0.8
경상북도 포항시 북구,도시계획도로,36.0580947,129.3700354,36.0613503,129.3703813,시도,고갯길,0.4
충청남도 천안시,삼성5길,36.7605457,127.178782,36.7605254,127.1748457,지방도,기타,1
서울특별시 성동구,행당로,37.5557914,127.0234375,37.554742,127.0202236,시도,급경사,0.8
충청북도 보은군 건설과,군도8호선(산대재),36.5541725,127.7311179,36.5663958,127.7232014,군도,상습정체,1
서울특별시 동대문구 건설교통국 도로과,답십리동294-129~483-1,37.5690484,127.0536397,37.5704269,127.0518255,구도,급경사,0.24
경상북도 포항시 북구,31번 국도,36.0453158,129.34358,36.0382963,129.3576667,위임국도,고갯길,1.5
충청북도 영동군 건설교통과,군도20호선,36.239632,128.0124763,36.2667305,127.9964304,군도,고갯길,4
충청북도 괴산군,농어촌도로203호선,36.8055485,128.025016,36.8139473,128.0261927,농어촌도로,기타,2.1
충청남도 천안시,충무로,36.8061395,127.1643276,36.7913026,127.1647755,지방도,기타,1
충청남도 천안시,삼성대로,36.8381574,127.1596283,36.831639,127.1616881,지방도,기타,1
충청남도 천안시,충무로,36.7917534,127.1255076,36.7931999,127.1252387,지방도,기타,0.1
경상북도 포항시 남구,대1-3,36.0169856,129.3412193,36.0119793,129.3420481,시도,고갯길,0.78
충청남도 천안시,성정13길,36.8160121,127.1398168,36.8138189,127.1398216,지방도,기타,0.1
대구공공시설관리공단,각산지하차도,35.8766006,128.7140002,35.8772265,128.7140149,특별시도·광역시도,지하차도,0.05
충청남도 천안시,유량로,36.8114759,127.1837948,36.8012649,127.1907428,지방도,기타,2
경기도 시흥시,시도8호선 ,37.3660075,126.7404625,37.3663878,126.7399246,시도,지하차도,0.15
경기도 시흥시,시도9호선,37.4148451,126.8048912,37.4141084,126.8047872,시도,교차로,0.3
경상북도 포항시 북구,이면도로,36.0533493,129.3741134,36.0539039,129.3742769,시도,기타,0.04
충청남도 천안시,백석1길,36.820583,127.1214962,36.816978,127.1168588,지방도,기타,0.3
충청남도 천안시,일봉로,36.7934493,127.1324503,36.791804,127.136061,지방도,기타,1
충청남도 천안시,차령고개로,36.6577642,127.1276711,36.6551533,127.1264917,지방도,기타,2
서울특별시 성동구,행당로,37.5554969,127.0252325,37.5543956,127.0269224,구도,급경사,0.2
충청남도 천안시,번영로,36.8615004,127.1475214,36.8599216,127.1439362,지방도,기타,0.7
충청남도 천안시,봉명로,36.8072581,127.1344164,36.8068454,127.1398246,지방도,기타,1
충청남도 홍성군,군도2호,36.5003587,126.6619345,36.4985571,126.6640337,군도,급경사,0.3
서울특별시 성동구,매봉길,37.5460127,127.011785,37.5460127,127.011785,구도,급경사,0.27
경상남도 창원시 마산합포구,고운로,35.1938693,128.5617068,35.1899712,128.5584593,시도,상습정체,0.5
충청남도 천안시,성정6길,36.8160403,127.1398044,36.813801,127.1398269,지방도,기타,0.2
울산광역시 남구,중앙로,35.5298131,129.3162749,35.5258741,129.3177896,시도,고갯길,0.5
충청남도 천안시,검은들로,36.8124819,127.109082,36.8113453,127.1145259,지방도,기타,0.7
충청남도 천안시,호서대길,36.8260993,127.1874299,36.824501,127.1881515,지방도,기타,0.7
충청남도 천안시,충무로,36.7922289,127.1217497,36.7915776,127.1237021,지방도,기타,0.4
충청남도 천안시,대흥로,36.8046171,127.146522,36.8037057,127.146166,지방도,기타,1
경상북도 포항시 남구,도시계획도로,35.9845073,129.3381061,35.9792442,129.3348848,시도,고갯길,0.8
경상북도 포항시 북구,도시계획도로,36.0326189,129.3570803,36.0430263,129.359375,시도,고가도로,1.4
충청북도 옥천군,도농-대안,36.3638436,127.7056283,36.3563937,127.7159713,군도,급커브,2
경상북도 포항시 남구,세계원재(장승백이),35.9545828,129.43469,35.9516351,129.440064,지방도,고갯길,1
전북특별자치도 고창군,나성로/선운대로,35.4628466,126.5108271,35.4628466,126.5108271,군도,교차로,1
충청남도 천안시,쌍용3길,36.8038962,127.1212578,36.8014271,127.1213105,지방도,기타,0.1
서울특별시 동대문구 건설교통국 도로과,이문동264-377~264-355,37.5989142,127.0539793,37.5989923,127.0547775,구도,급경사,0.1
충청남도 천안시,다가말2길,36.7977628,127.1385642,36.796856,127.1385168,지방도,기타,0.2
충청남도 천안시,다가말1길,36.7978032,127.1370504,36.79704,127.1370467,지방도,기타,0.2
경상북도 포항시 남구,도시계획도,36.0251672,129.3378258,36.0269386,129.3273801,시도,고갯길,1.1
충청북도 보은군 건설과,군도18호선(변둔재),36.3890083,127.8140453,36.3946014,127.8656807,군도,상습정체,1
충청북도 보은군 건설과,군도8호선(적음재),36.5679795,127.671819,36.5747387,127.6684872,군도,상습정체,1
충청남도 홍성군,군도7호,36.5569267,126.5416191,36.5629208,126.5452694,군도,급경사,0.5
충청남도 홍성군,군도3호,36.5700688,126.7036397,36.572639,126.7078888,군도,급경사,0.5
경상북도 포항시 남구,도시계획도,36.0115999,129.3311747,36.0107424,129.3277884,시도,고갯길,0.66
서울특별시 성동구,무학봉길,37.5607769,127.0239828,37.5607769,127.0239828,구도,급경사,0.27
서울특별시 동대문구 도시건설국 도로과,천장산로,37.6010459,127.0574868,37.5986914,127.0580303,구도,급경사,0.06
충청남도 홍성군,군도15호,36.5932429,126.4637138,36.5926193,126.4615195,군도,급경사,0.2
충청남도 홍성군,군도23호,36.5742429,126.593978,36.5742429,126.593978,군도,급경사,0.7
충청남도 홍성군,군도21호,36.6214691,126.6629252,36.6266483,126.6646249,군도,급경사,0.6
충청남도 홍성군,군도19호,36.5878265,126.7583583,36.5856713,126.7603977,군도,급경사,0.2
충청남도 홍성군,군도23호,36.5633525,126.5862089,36.5742429,126.593978,군도,급경사,1.5
충청남도 홍성군,군도5호,36.6099966,126.6370916,36.6174096,126.6321833,군도,급경사,1.2
충청남도 서산시,양길리고개(지방도634호),36.8258762,126.3703001,36.8236386,126.3792353,지방도,고갯길,2
충청남도 부여군,군도 20호,36.2633113,126.7926532,1,1,군도,고갯길,1
서울특별시 도로사업소 성동도로사업소 도로보수과,동부간선도로,37.5447364,127.0319822,37.5452239,127.0321154,특별시도·광역시도,램프,0.4
서울특별시 도로사업소 성동도로사업소 도로보수과,천호대로,37.5465712,127.1001814,37.5485416,127.0946068,특별시도·광역시도,지하차도,0.61
제주특별자치도 제주시,이면도로,33.5056983,126.4686716,33.5056983,126.4686716,지방도,기타,1
충청남도 부여군,군도17호,36.2051967,126.8024149,36.1866604,126.8113817,군도,고갯길,2
부산광역시 남구,이면도로,35.1378855,129.0698608,35.1372909,129.0693906,지방도,급경사,0.05
부산광역시 남구,마을안길,35.1395821,129.0731515,35.13962,129.0737736,지방도,급경사,0.04
부산광역시 남구,마을안길,35.1392928,129.0749958,35.138929,129.075042,지방도,급경사,0.06
제주특별자치도 제주시,마을안길,33.4928945,126.4621843,33.4928945,126.4621843,지방도,기타,1
충청남도 논산시,시도2,36.1950003,127.1293626,36.1951214,127.1262216,시도,교량,0.2
부산광역시 남구,마을안길,35.1357069,129.0768154,35.1356813,129.0762213,지방도,급경사,0.1
부산광역시 남구,이면도로 ,35.1281657,129.0874582,35.1280627,129.0875796,지방도,급경사,0.07
인천광역시 남동구,만부로,37.4658949,126.7391548,37.4670947,126.7397539,구도,급경사,0.3
제주특별자치도 제주시,이면도로,33.4781862,126.4377738,33.4781862,126.4377738,지방도,기타,1
부산광역시 남구,이면도로,35.1413235,129.0710718,35.1412195,129.0698719,지방도,급경사,0.08
인천광역시 미추홀구,인하로,37.4478053,126.6804288,37.4463525,126.6933624,시도,고가도로,1.2
부산광역시 남구,이면도로,35.1380873,129.0702606,35.1384493,129.0695189,지방도,급경사,0.05
인천광역시 미추홀구,인주대로,37.4561601,126.6552369,37.4539642,126.6621676,시도,지하차도,0.4
부산광역시 남구,이면도로,35.1386043,129.067939,35.1381012,129.0691496,지방도,급경사,0.11
충청남도 부여군,군도14호,36.2247886,126.7635066,36.2311726,126.7676405,군도,고갯길,1
서울특별시 동대문구 도시건설국 도로과,이문로42길,37.6009245,127.0622474,37.6008662,127.0665168,구도,급경사,0.06
인천광역시 남동구,만수서로83번길,37.4647022,126.7278307,37.4621621,126.7348829,구도,급경사,1.1
서울특별시 성북구,솔샘로,37.6168383,127.0036433,37.619135,127.005925,구도,고갯길,0.31
인천광역시 미추홀구,경원대로,37.4637003,126.6898404,37.4656882,126.6899376,시도,급경사,0.4
인천광역시 남동구,만부로3번길,37.4655696,126.7381721,37.4661456,126.7385688,구도,급경사,0.9
강원특별자치도 도로관리사업소 도로보수과,국도56호선,37.8717638,127.8366435,37.8658317,127.841785,위임국도,고갯길,1.6
서울특별시 노원구,석게로15길,37.6229823,127.0608007,37.6215587,127.0611789,구도,급경사,3.9
인천광역시 미추홀구,미추홀대로,37.4478053,126.6804288,37.4371308,126.6762865,시도,급경사,1.2
강원특별자치도 춘천시,새미고개,37.9804485,127.7247504,37.9690314,127.7348359,지방도,고갯길,2.8
충청남도 논산시,국도23,36.205057,127.0759285,36.205057,127.0759285,일반국도,교량,0.21
충청남도 논산시,국도23,36.2092087,127.0811956,36.2112118,127.0794701,일반국도,교량,0.5
강원특별자치도 삼척시,군도9호선,37.3875528,129.1495474,37.3883346,129.1492375,군도,급경사,0.25
강원특별자치도 춘천시,배후령고개,37.9591334,127.7792739,37.9938939,127.7907698,군도,고갯길,2
인천광역시 미추홀구,경원대로,37.4501456,126.6898076,37.4362428,126.6964304,시도,급경사,1.9
인천광역시 미추홀구,염전로,37.4716856,126.6725246,37.4710727,126.6759096,시도,고가도로,0.3
인천광역시 미추홀구,주안로,37.4636964,126.687138,37.463392,126.6929258,시도,지하차도,0.4
충청남도 부여군,군도4호,36.2296863,126.7246777,36.2367805,126.7239157,군도,고갯길,1
서울특별시 도로사업소 성동도로사업소 도로보수과,강변북로,37.5409345,127.0361627,37.5396892,127.0351791,특별시도·광역시도,램프,0.9
강원특별자치도 태백시,414지방도,37.1234,128.8991,37.1299,128.8983,일반국도,고갯길,5.4
강원특별자치도 춘천시,군도18호선,37.979456,127.866592,37.975574,127.85478,군도,고갯길,2
충청남도 논산시,시도12,36.1651862,127.2050792,36.1653412,127.2051025,시도,교량,0.18
강원특별자치도 태백시,38번국도,37.2164,128.9874,37.2063,128.9413,일반국도,고갯길,16.2
강원특별자치도 태백시,31번국도,37.1232,128.8991,37.1232,128.8991,일반국도,고갯길,22.5
강원특별자치도 춘천시,군도10호선,37.911125,127.980048,37.913704,127.965533,군도,고갯길,1.9
강원특별자치도 춘천시,군도3호선,37.764754,127.642181,37.759148,127.645389,군도,고갯길,1
강원특별자치도 춘천시,군도3호선,37.759148,127.645389,37.750703,127.652595,군도,고갯길,1
강원특별자치도 도로관리사업소 도로보수과,지방도451호,37.8191064,128.1755979,37.8215564,128.1627678,지방도,고갯길,2
강원특별자치도 도로관리사업소 도로보수과,지방도408호,37.8342377,128.0987605,37.8514719,128.1030123,지방도,고갯길,2.5
강원특별자치도 도로관리사업소 도로보수과,지방도451호,37.8093784,128.0131384,37.8029508,128.029504,지방도,고갯길,1.7
강원특별자치도 도로관리사업소 도로보수과,지방도451호,37.803293,128.0046434,37.8093213,128.013138,지방도,고갯길,2
강원특별자치도 도로관리사업소 도로보수과,지방도406호,37.6649619,128.0502039,37.6609749,128.0618438,지방도,고갯길,1.6
강원특별자치도 도로관리사업소 도로보수과,국지도86호,37.6641644,127.5543879,37.6662098,127.5625679,지방도,고갯길,1.8
강원특별자치도 도로관리사업소 도로보수과,국지도86호,37.6750739,127.6078074,37.6833892,127.6251098,지방도,기타,2.7
강원특별자치도 영월군,농어촌도로102호,37.2115297,128.4987455,37.2106719,128.5023734,농어촌도로,고갯길,2
강원특별자치도 도로관리사업소 도로보수과,국도19호,37.5167772,128.0317814,37.5323504,128.0564339,위임국도,고갯길,3.2
서울특별시 성동구,독서당로46길,37.5477874,127.0231568,37.5467128,127.0230386,구도,급경사,0.16
인천광역시 남동구,만수서로105번길,37.461317,126.7377411,37.4630614,126.7395349,구도,급경사,0.3
강원특별자치도 양양군,양양군군도1호선,38.1575688,128.5821924,38.1547978,128.5933627,군도,고갯길,3
부산광역시 남구,이면도로,35.1208384,129.115967,35.1205486,129.1160032,지방도,급경사,0.02
강원특별자치도 평창군,군도3호선,37.4263407,128.4208896,37.4122284,128.4173231,군도,고갯길,1.5
전라남도 신안군 지도읍,군도24호선,35.0971239,126.1750207,35.0991623,126.1662204,군도,고갯길,1.3
강원특별자치도 도로관리사업소 강릉지소,국지도56호선,38.214908,128.4549922,38.2059303,128.5089238,지방도,기타,7
강원특별자치도 도로관리사업소 강릉지소,지방도418호선,37.9924374,128.4926329,37.9823815,128.5282815,지방도,기타,7
부산광역시 남구,이면도로,35.1283138,129.0863412,35.1283712,129.0866339,지방도,급경사,0.07
강원특별자치도 도로관리사업소 강릉지소,지방도446호선,37.9402027,128.0938989,37.9209099,128.1298692,지방도,기타,5
부산광역시 남구,이면도로,35.1237007,129.0890638,35.1225333,129.0914213,지방도,급경사,0.34
전라북도 무주군,군도5호,36.0113456,127.6539644,36.0113456,127.6539644,지방도,급경사,0.3
부산광역시 남구,이면도로,35.1386428,129.0710489,35.1387693,129.0697975,지방도,급경사,0.11
전라북도 무주군,군도3호,35.9807683,127.6141681,35.9800729,127.6133359,지방도,급경사,0.3
서울특별시 도로사업소 성동도로사업소 도로보수과,강변북로,37.5352211,127.0594446,37.5327616,127.0609488,특별시도·광역시도,램프,1.3
전라북도 부안군 건설교통과,운호재,35.5902883,126.5724185,35.5877156,126.5467442,일반국도,램프,3
전라북도 김제시,712호,35.7316488,127.0433954,35.7369102,127.046459,지방도,산악지대,1.5
전라북도 김제시,712호,35.7359672,126.9877125,35.7344914,126.9873608,지방도,교량,0.1
부산광역시 남구,이면도로,35.1302924,129.0866395,35.1306721,129.0862106,지방도,급경사,0.1
부산광역시 남구,이면도로,35.1264277,129.0875708,35.126687,129.0874359,지방도,급경사,0.12
충청남도 부여군,군도 14호,36.2280323,126.7439556,36.2295132,126.7267627,농어촌도로,고갯길,1.5
부산광역시 사상구,엄궁롯데캐슬 진입로,35.1286343,128.9713561,1,1,일반국도,고갯길,0.6
서울특별시 성북구,성북로,37.5901114,127.0063917,37.5893825,127.0054318,구도,고갯길,0.15
강원특별자치도 도로관리사업소 도로보수과,지방도424호,37.5572043,128.3964635,1,1,지방도,기타,0.9
부산광역시 남구,이면도로,35.1380149,129.0738242,35.1395019,129.0735366,지방도,급경사,0.08
서울특별시 성북구,길음로,37.6104927,127.0151321,37.6108219,127.0180705,구도,고갯길,0.25
부산광역시 남구,이면도로 ,35.1166889,129.0854825,35.1169414,129.0858623,지방도,급경사,0.3
제주특별자치도 제주시,마을안길,33.3582093,126.2973541,33.3582093,126.2973541,지방도,기타,1
제주특별자치도 제주시,이면도로,33.484938,126.4248576,33.484938,126.4248576,지방도,기타,1
부산광역시 남구,이면도로,35.1260357,129.0912749,35.126343,129.0910911,지방도,급커브,0.1
충청북도 증평군 건설교통과,군도1호선,36.7450806,127.6346514,36.7454334,127.6363813,군도,고갯길,0.3
대구광역시 동구,파계로,35.979111,128.6337172,35.990018,128.6366582,특별시도·광역시도,고갯길,1.3
충청남도 천안시,삼성대로,36.8388696,127.1499592,36.8392164,127.1555982,지방도,기타,0.8
충청남도 천안시,삼방로,36.8439071,127.2452517,36.8444697,127.2484194,지방도,기타,0.7
충청남도 천안시,해수길,36.6593739,127.0178586,36.6690584,127.0264794,지방도,기타,2
서울특별시 성북구,동소문로,37.5958069,127.0213557,37.5963598,127.0214167,구도,고갯길,0.08
충청북도 증평군 건설교통과,군도2호선,36.7992873,127.5993586,36.796554,127.6045297,군도,고갯길,0.6
제주특별자치도 제주시,마을안길,33.3599693,126.2994458,33.3590084,126.2968588,지방도,기타,0.5
충청북도 증평군 건설교통과,군도1호선,36.7164028,127.6380483,36.7100098,127.6313898,군도,고갯길,1.2
강원특별자치도 영월군,군도15,37.1502234,128.8719874,37.1372617,128.8756804,군도,고갯길,2
충청남도 천안시,서부대로,36.7950129,127.1266805,36.7980817,127.1260945,지방도,기타,0.7
충청남도 천안시,천안여상로,36.8043312,127.1349187,36.8041908,127.1360122,지방도,기타,1
제주특별자치도 제주시,마을안길,33.4322526,126.4277326,33.4313169,126.4250756,지방도,기타,0.3
충청남도 천안시,삼성대로,36.8393233,127.1224671,36.8353428,127.1171509,지방도,기타,0.9
부산광역시 사하구,대티로,35.1034872,129.0005374,35.106939,129.007962,지방도,고갯길,1
제주특별자치도 제주시,마을안길,33.4326494,126.4280821,33.4330801,126.4343326,지방도,기타,0.6
제주특별자치도 제주시,마을안길,33.3981482,126.3570673,33.3981482,126.3570673,지방도,기타,1
경상북도 포항시 북구,도시계획도로,36.0672738,129.3876518,36.0687896,129.3935212,시도,고갯길,0.7
충청남도 천안시,삼성대로,36.8381156,127.1597265,36.8315961,127.1617393,지방도,기타,1
강원특별자치도 영월군,농어촌도로302호,37.1289638,128.5767319,37.1241054,128.5880365,농어촌도로,고갯길,2
경상북도 포항시 북구,국지도 20호선,36.0753996,129.3962734,36.0766812,129.3966138,지방도,고갯길,0.3
서울특별시 성북구,오패산로,37.6087978,127.0383143,37.6081384,127.036075,구도,고갯길,0.32
경상남도 창원시 마산회원구,대로1류 29,35.2521156,128.5130085,35.2558361,128.5136833,시도,지하차도,0.2
전라남도 신안군,면도 101번,34.8541913,126.3403915,34.8570875,126.3414003,농어촌도로,급경사,0.29
서울특별시 도로사업소 성동도로사업소 도로보수과,논현로,37.5245657,127.0284045,37.5280122,127.0277678,특별시도·광역시도,고가도로,0.8
서울특별시 성북구,장위로,37.6127347,127.0376027,37.6143178,127.0400768,구도,고갯길,0.28
경상북도 포항시 남구 송도동,이면도로,36.0342696,129.3715421,36.0344333,129.3724976,시도,기타,0.3
충청남도 서산시,마룡리고개,36.6569395,126.3921671,36.6587934,126.3968554,지방도,고갯길,2
제주특별자치도 제주시,마을안길,33.4966843,126.4666311,33.4966843,126.4666311,지방도,기타,1
서울특별시 성북구,오패산로,37.6124348,127.0374657,37.6115612,127.0381436,구도,고갯길,0.15
경상남도 창원시 마산회원구,대로1류(9),35.2296751,128.5724947,35.2275493,128.5762754,시도,지하차도,0.4
경상남도 창원시 마산회원구,성암로,35.2369303,128.5594634,35.2478925,128.5870813,시도,기타,3.2
충청북도 증평군 건설교통과,군도7호선,36.834407,127.5976348,36.837906,127.5935475,군도,고갯길,1.4
충청북도 괴산군,군도20호선,36.7878014,127.9148906,36.7984027,127.9186824,군도,기타,1
전라남도 신안군,리도 214번,34.823406,126.349194,34.8249822,126.3423216,농어촌도로,급경사,0.72
강원특별자치도 도로관리사업소 북부지소,지방도463호,38.1667957,127.3971594,38.1708509,127.3888856,지방도,고갯길,1
충청남도 서산시 건설도시국 도로과,읍내현대아파트-호수공원사거리,36.7759365,126.4480528,36.7784722,126.4512045,시도,급경사,1.5
경기도 안산시,동산로,37.3186544,126.808655,37.3143789,126.8006435,시도,고갯길,0.91
경상남도 거제시,시도8호선,34.8366652,128.6804361,34.8355347,128.6576644,시도,고갯길,3
경상남도 도로관리사업소,지방도1018호선,34.7646625,128.6144266,34.7571196,128.6121658,지방도,급경사,1.5
충청북도 괴산군,군도13호선,36.6660242,127.7843416,36.6591543,127.7833677,군도,기타,0.4
국토교통부 부산지방국토관리청 진주국토관리사무소,국도3호,35.2826369,127.9910262,35.2859462,127.9907605,일반국도,기타,0.4
제주특별자치도 제주시,마을안길,33.4276494,126.4233746,33.4276494,126.4233746,지방도,기타,0.1
제주특별자치도 제주시,마을안길,33.4938079,126.450113,33.4938079,126.450113,지방도,기타,1
제주특별자치도 제주시,이면도로,33.4934708,126.4599119,33.4934708,126.4599119,지방도,기타,1
전북특별자치도 정읍시 도시안전국 건설과,국지도49호선,35.5325283,126.9080848,35.5447392,126.903143,지방도,고갯길,2.3
부산광역시 부산진구,진남로 552(동의의료원 사거리 ~ 진남로 477(양정메트로하이츠),35.1671,129.06945,35.1671,129.06945,지방도,고갯길,0.7
경상남도 도로관리사업소 도로보수과,지방도 1022호선,35.4080952,128.8795505,35.4014919,128.8844525,지방도,고갯길,4
경상남도 밀양시,구.국도,35.585717,128.9652785,35.608978,129.0199484,농어촌도로,고갯길,8
경상남도 의령군 안전건설국 건설과,국지60호선,35.4338617,128.3753846,35.4347729,128.374388,지방도,고갯길,2.4
충청북도 괴산군,농어촌도로204호선,36.7487749,127.7032859,36.7515342,127.713123,농어촌도로,고갯길,3.3
경상남도 진주시,시도6호,35.1120589,128.16792,35.11799,128.155368,시도,기타,1.5
충청남도 서산시,구룡고개,36.8163199,126.6029768,36.8169025,126.6032192,지방도,고갯길,1
제주특별자치도 제주시,마을안길,33.4168997,126.3803836,33.418279,126.3753603,지방도,기타,1
제주특별자치도 제주시,이면도로,33.4915881,126.462028,33.4915881,126.462028,지방도,기타,1
부산광역시 서구,감천로,35.0793302,129.0183585,35.082067,129.0115175,지방도,고갯길,1.1
경상남도 도로관리사업소 진주지소,지방도1024호선(남서대로),34.8046263,127.8389232,34.8067891,127.8398394,지방도,고갯길,0.2
국토교통부 대전지방국토관리청 예산국토관리사무소,한티고개,36.6812015,126.5805907,36.6673511,126.5906872,일반국도,고갯길,2
서울특별시 성북구,장위로,37.6136641,127.0393342,37.6126044,127.03968,구도,고갯길,0.11
서울특별시 성북구,보국문로,37.6166207,127.005459,37.6174885,127.0056035,구도,고갯길,0.21
서울특별시 성북구,보국문로,37.6100177,127.0102168,37.6100138,127.0097903,구도,고갯길,0.67
인천광역시 연수구,경원대로,37.4214217,126.6973996,37.4262624,126.6987763,시도,지하차도,0.8
충청북도 괴산군,군도10호선,36.9183255,127.8249594,36.9210156,127.8377666,군도,기타,1.5
제주특별자치도 제주시,마을안길,33.4938079,126.450113,33.4938079,126.450113,지방도,기타,1
경기도 여주시,시도,37.3064562,127.7395193,37.3116161,127.7424077,지방도,고갯길,2
경상북도 문경시,여우목로,36.7931,128.1799,36.7893953,128.2624809,지방도,고갯길,9.1
경상남도 통영시,중로1-2호선,34.8520411,128.4314567,34.8544056,128.4356513,시도,기타,0.5
경상남도 남해군,군도2호선,34.9264877,127.8825878,34.9256419,127.8929296,군도,고갯길,1
충청남도 서산시,화곡고개,36.9916782,126.4362019,36.9890263,126.4257128,지방도,고갯길,2
경상남도 도로관리사업소 진주지소,지방도1024호선(삼이로),34.822521,127.9875465,34.8230271,127.9897129,지방도,고갯길,0.3
인천광역시 연수구,청능로,37.4180988,126.6682585,37.4184751,126.6668005,시도,램프,0.6
제주특별자치도 제주시,이면도로,33.4866777,126.4220274,33.4866777,126.4220274,지방도,기타,1
경상북도 포항시 남구,서원재(인덕초등~매립장입구),35.9847343,129.3908863,35.9848484,129.4010758,시도,고갯길,1.2
경상남도 사천시,8호선,34.987964,127.9511269,34.9881028,127.9512323,시도,고갯길,0.4
국토교통부 서울지방국토관리청 의정부국토관리사무소 도로안전운영과,47호선,37.8477719,127.2806568,37.847804,127.2806298,일반국도,기타,1.5
인천광역시 남동구,아암대로,37.3826923,126.7209418,37.3831872,126.7105928,구도,고가도로,1.1
서울특별시 성북구,서경로,37.6157652,127.0110604,37.6140169,127.0107846,구도,고갯길,0.27
서울특별시 성북구,정릉로,37.6121849,126.9988636,37.6107309,126.9991892,구도,고갯길,0.85
서울특별시 성북구,정릉로,37.6050349,126.9981033,37.6024659,126.9980048,구도,고갯길,0.41
제주특별자치도 제주시,이면도로,33.4866777,126.4220274,33.4866777,126.4220274,지방도,기타,1
제주특별자치도 제주시,마을안길,33.3928217,126.3832884,33.3928217,126.3832884,지방도,기타,1
제주특별자치도 제주시,이면도로,33.4861913,126.4263926,33.4861913,126.4263926,지방도,기타,1
인천광역시 미추홀구,수봉로,37.4660308,126.6563373,37.4591207,126.6693646,구도,급경사,1.8
경기도 고양시 도로건설사업소 도로관리과,보광로,37.7456,126.912795,37.740289,126.912967,지방도,고갯길,2
인천광역시 남동구,남동대로,37.4332264,126.7078556,37.4214344,126.7094359,특별시도·광역시도,고가도로,1.6
경기도 고양시 도로건설사업소 도로관리과,노고산고개,37.691557,126.96431,37.684468,126.961424,시도,고갯길,1
서울특별시 성북구,동소문로,37.5989685,127.0224474,37.6015358,127.0236138,구도,고갯길,0.26
대구공공시설관리공단,봉무지하차도,35.9172509,128.6409133,35.9275455,128.6410862,특별시도·광역시도,지하차도,1
제주특별자치도 제주시,마을안길,33.4622378,126.329056,33.4622378,126.329056,지방도,기타,1
전라남도 곡성군 안전건설과,840,35.2118291,127.2796605,35.1511634,127.3194679,지방도,고갯길,10
경상남도 김해시,중로3-68호선,35.2467584,128.8628779,35.2486902,128.8683637,시도,급경사,0.2
인천광역시 미추홀구,석정로,37.4671002,126.6461201,37.470624,126.6492531,시도,급경사,0.2
서울특별시 성북구,북악산로,37.6006723,127.0108039,37.6005379,127.011256,구도,고갯길,0.75
경기도 고양시 도로건설사업소 도로관리과,호국로,37.67363,126.86736,37.668903,126.849442,지방도,고갯길,2
경기도 고양시 도로건설사업소 도로관리과,혜음로,37.72536,126.89276,37.720244,126.898272,일반국도,고갯길,1
부산광역시 기장군,고무로(군도14호선),35.3479479,129.2591543,35.3412089,129.2700511,군도,급경사,1.4
서울특별시 성북구,화랑로,37.605485,127.0511717,37.605175,127.0517102,구도,고갯길,0.45
서울특별시 중구,퇴계로8길,37.555294,126.981396,37.557499,126.979457,구도,고갯길,0.5
경상북도 문경시,작천길,36.6569007,128.0418672,36.6335397,128.0522103,지방도,고갯길,3.5
제주특별자치도 제주시,마을안길,33.5227929,126.8579414,33.52227,126.8627177,지방도,기타,1
제주특별자치도 제주시,마을안길,33.5157971,126.8640326,33.5156826,126.859523,지방도,기타,1
경상남도 김해시,시도5호선,35.3493022,128.8092638,35.3589215,128.8114585,시도,급경사,1
서울특별시 중구,동호로11라길,37.551991,127.004578,37.550477,127.006214,구도,고갯길,0.7
서울특별시 중구,필동로8길,37.5551147,126.995255,37.5560886,126.9936722,구도,고갯길,0.2
서울특별시 중구,필동로8길,37.5571747,126.9788298,37.5565449,126.9795733,구도,고갯길,1.6
서울특별시 중구,동호로15길,37.5551471,127.00849,37.5550635,127.0079518,구도,고갯길,0.42
경상남도 김해시,소로1-199호선,35.2360919,128.8515911,35.2484965,128.8652819,시도,급경사,0.5
서울특별시 성동구,한림말3길,37.5413928,127.0165379,37.5439865,127.0154903,구도,급경사,0.3
전북특별자치도 정읍시 도시안전국 건설과,국도30호선,35.5964604,127.0045283,35.5803469,127.0144793,위임국도,고갯길,2.7
전북특별자치도 정읍시 도시안전국 건설과,군도27호선,35.4848171,126.7826325,35.4693424,126.7888564,군도,고갯길,2.2
서울특별시 성동구,제2마장교,37.5685703,127.0466193,37.5685703,127.0466193,시도,교량,0.1
서울특별시 성동구,삼성리버젠 아파트,37.5452849,127.0154342,37.5446472,127.0162385,구도,급경사,0.2
서울특별시 성동구,행당로(논골사거리~행당역),37.5556213,127.0249652,37.556934,127.028696,시도,급경사,0.4
서울특별시 성동구,가람교,37.5517768,127.0542634,37.5517768,127.0542634,구도,교량,0.1
서울특별시 성동구,마장지하차도,37.565876,127.0379455,37.565876,127.0379455,시도,지하차도,0.1
서울특별시 성동구,사근동길,37.5615256,127.0489602,37.5600357,127.0411132,구도,급경사,0.8
서울특별시 성동구,마조로,37.565324,127.0416567,37.5600357,127.0411132,시도,급경사,0.6
서울특별시 성동구,대경상고 입구(5번버스길),37.5562234,127.0177134,37.5567638,127.0196491,구도,급경사,0.4
서울특별시 성북구,종암로,37.6000733,127.0312238,37.6008413,127.0329502,구도,고갯길,0.18
서울특별시 성동구,사근동길,37.5605903,127.0428316,37.5609602,127.0457247,구도,급경사,0.23
서울특별시 성동구,금호산길(중앙병원길),37.5544681,127.0197732,37.5484176,127.0195016,구도,급경사,0.7
서울특별시 성동구,성동교 북단,37.5538567,127.0437483,37.5537109,127.0421658,구도,급경사,0.4
서울특별시 강북구,오패산터널 상단 회차도로,37.6349384,127.0286171,37.6348956,127.0280739,구도,고갯길,0.22
서울특별시 성동구,풍림아이원,37.5603625,127.0271519,37.5596253,127.024032,구도,급경사,1
전라남도 신안군,리도 212번,34.9048566,126.3013909,34.9112824,126.3011555,농어촌도로,급경사,1.53
서울특별시 광진구,영화사로,37.5545704,127.0945747,37.5547828,127.0960771,구도,고갯길,0.15
서울특별시 성동구,한진그랑빌,37.5620812,127.0253126,37.5645618,127.0281367,구도,급경사,0.4
서울특별시 성북구,성북로,37.5959862,127.0131555,37.5966999,127.0138439,구도,고갯길,0.06
서울특별시 성북구,길음로,37.614467,127.0165488,37.6130164,127.0170436,구도,고갯길,0.2
서울특별시 광진구,능동로 120,37.5391641,127.0746939,37.5391641,127.0746939,시도,기타,0.3
서울특별시 광진구,뚝섬로59길,37.5324784,127.0839639,37.532038,127.0841051,구도,고갯길,0.1
서울특별시 광진구,"""아차산로78길 12(워커힐푸르지오 앞)",37.550322,127.108778,37.549965,127.10954,구도,고갯길,0.07
서울특별시 광진구,"""아차산로78길 90(광진정보도서관 옆)",37.551286,127.109802,37.550771,127.110738,구도,고갯길,0.1
서울특별시 광진구,동일로42길,37.553088,127.0704475,37.5527917,127.070587,구도,고갯길,0.04
서울특별시 광진구,자양로13다길,37.5333002,127.0772556,37.5333896,127.077164,구도,고갯길,0.1
전라남도 신안군,리도 203번,34.8582326,126.2644405,34.8501919,126.2464102,농어촌도로,급경사,4.3
서울특별시 광진구,용마산로32길,37.5694488,127.0863187,37.5694558,127.0883902,구도,고갯길,0.2
서울특별시 성동구,행당로8길,37.5564562,127.0332628,37.5560596,127.0340205,구도,급경사,0.08
서울특별시 광진구,"""아차산로78가길 17(현대리버빌 양옆 도로)",37.548404,127.109282,37.549663,127.109955,구도,고갯길,0
서울특별시 광진구,용마산로34길,37.5703325,127.0864098,37.5702117,127.0882678,구도,고갯길,0.2
서울특별시 광진구,영화사로 16길,37.5543954,127.0949117,37.5535024,127.0971408,구도,고갯길,0.4
서울특별시 광진구,자양로48길,37.5515997,127.092252,37.5522912,127.0954691,구도,고갯길,0.35
서울특별시 광진구,천호대로 137길,37.5494325,127.0928215,37.5518134,127.0930869,구도,고갯길,0.4
서울특별시 광진구,자양로44길,37.5507938,127.0917411,37.5523986,127.0953772,구도,고갯길,0.8
서울특별시 광진구,아차산로78길 110(마을버스01번 차고지),37.550403,127.109732,37.550386,127.110572,구도,고갯길,0.07
서울특별시 성북구,북악산로,37.6002912,127.016663,37.6012571,127.0171566,구도,고갯길,0.17
서울특별시 성북구,정릉로,37.6071877,127.0023031,37.606435,127.0011396,구도,고갯길,0.2
경상남도 의령군 안전건설국 건설과,지방도 1041호선,35.419885,128.3034852,35.4116894,128.2943201,지방도,고갯길,1.8
서울특별시 광진구,아차산로,37.555304,127.1124409,37.5584141,127.1137827,시도,고갯길,2
서울특별시 광진구,천호대로,37.5469792,127.099562,37.5482415,127.0961291,시도,기타,1
서울특별시 광진구,아차산로 청구아파트 앞,37.543335,127.096429,37.541692,127.097323,구도,고갯길,0.2
서울특별시 성북구,정릉로,37.6021416,127.0286494,37.6036473,127.0297028,구도,고갯길,0.25
서울특별시 광진구,용마산로30길,37.568143,127.0864139,37.5687012,127.0886937,구도,고갯길,0.3
서울특별시 성북구,아리랑로,37.5992792,127.0142548,37.6002454,127.0147278,구도,고갯길,0.15
서울특별시 광진구,능동로55길,37.5679614,127.0839144,37.5681766,127.0849306,구도,고갯길,0.1
서울특별시 광진구,용마산로28길,37.5680705,127.0863582,37.5673469,127.0895026,구도,고갯길,0.3
서울특별시 광진구,용마산로28다길,37.5675115,127.0886516,37.5677357,127.089679,구도,고갯길,0.1
서울특별시 성북구,성북로,37.5897035,127.0062951,37.5922305,127.0074341,구도,고갯길,0.34
서울특별시 광진구,용마산로33길,37.5700477,127.0857001,37.5703224,127.0851081,구도,고갯길,0.8
경상남도 의령군 안전건설국 건설과,지방도907호선,35.4990727,128.2717029,35.5002093,128.2826199,지방도,산악지대,1.7
서울특별시 성북구,아리랑로,37.5978307,127.0151531,37.5982253,127.0156183,구도,고갯길,0.05
서울특별시 성북구,삼선푸르지오 고개,37.5829816,127.0144604,37.5845923,127.0135362,구도,고갯길,0.2
서울특별시 성북구,종로구계간 고개,37.5946253,126.99096,37.591216,126.9901353,구도,고갯길,0.85
서울특별시 성북구,동방고개 ,37.6130551,127.0380986,37.6143817,127.0400237,구도,고갯길,1.1
서울특별시 성북구,미아사거리 차도,37.6141556,127.0533712,37.6125731,127.0550056,시도,기타,0.2
서울특별시 성북구,늘푸른길 고개,37.5864708,127.0251854,37.5942252,127.0251052,구도,고갯길,0.7
서울특별시 성북구,고대병원 앞 고개,37.5863051,127.023943,37.5861467,127.0290484,시도,고갯길,0.75
충청북도 충주시,군도15호선(앙성),37.0930579,127.8021808,37.114563,127.8041615,군도,급경사,3.8
제주특별자치도 제주시,마을안길,33.5514565,126.7986454,33.556266,126.7949655,지방도,기타,1
서울특별시 성북구,청수장 고개,37.6155206,127.0055305,37.6179428,126.9983311,시도,고갯길,1.2
서울특별시 중랑구,용마산로,37.601605,127.100502,37.605229,127.100827,시도,지하차도,0.4
서울특별시 성북구,솔샘길 고개,37.6129993,127.0074442,37.6169302,127.008152,시도,고갯길,0.5
서울특별시 성북구,북악터널 고개,37.6089522,126.9993842,37.6118913,126.9912853,시도,고갯길,0.9
서울특별시 성북구,아리랑고개,37.5981933,127.0146714,37.6026836,127.0137076,시도,고갯길,1.2
서울특별시 성북구,삼양로입구 고개,37.6046937,127.0250401,37.6075867,127.0238071,시도,고갯길,0.8
서울특별시 성북구,길음입체교차로,37.6004677,127.0228719,37.6013875,127.0232909,시도,램프,0.6
서울특별시 성북구,미아리고개,37.5933985,127.018398,37.6012843,127.0216744,시도,고갯길,0.8
서울특별시 성북구,구민회관고개,37.5894633,127.0052647,37.5966061,127.0067071,구도,고갯길,1.2
서울특별시 성북구,북악스카이웨이,37.6011562,127.0124219,37.6050372,126.9876325,시도,기타,2.2
서울특별시 성북구,배밭길 고개길,37.606386,126.9989396,37.6025785,126.9979843,구도,기타,1
서울특별시 강북구,월계로,37.612878,127.0367703,37.6198,127.0438651,시도,고갯길,1
경기도 안산시,광로3-1(북고개길),37.3049391,126.8704493,37.299568,126.8915044,시도,고갯길,1.06
경기도 수원시 권선구,1203도,37.2510489,127.0251904,37.2510489,127.0251904,시도,기타,0.37
경기도 수원시 권선구 안전건설과,소로3-1002,37.257269,127.0233028,37.2558718,127.0241668,시도,기타,0.3
경기도 수원시 권선구,구운동,37.2829559,126.9752395,37.2829559,126.9752395,시도,기타,0.31
경기도 수원시 권선구,구운동,37.2763583,126.9766733,37.2763583,126.9766733,시도,기타,0.43
경기도 수원시 권선구,금호로 250번길,37.2756077,126.9786207,37.2756077,126.9786207,시도,기타,3.4
경상북도 포항시 북구,도시계획도로,36.0417052,129.351268,36.0472305,129.351436,시도,고갯길,0.5
제주특별자치도 제주시,마을안길,33.9456434,126.3284368,33.9456434,126.3284368,지방도,기타,1
제주특별자치도 제주시,이면도로,33.5127683,126.5271647,33.5127683,126.5271647,지방도,기타,1
충청북도 충주시,형설로,36.9647969,127.9388085,36.9652673,127.9344371,군도,급경사,0.4
경상북도 포항시 북구,도시계획도로,36.0574913,129.3610485,36.0691814,129.3717011,시도,고갯길,2.2
제주특별자치도 서귀포시,이면도로,33.2735893,126.4089589,33.2735893,126.4089589,지방도,기타,1
서울특별시 강북구,인수봉로,37.6472654,127.0104818,37.6300307,127.0134275,시도,고갯길,2
서울특별시 도봉구,덕릉로,37.645447,127.0482287,37.6419308,127.0407392,시도,고갯길,0.7
경기도 수원시 권선구 안전건설과,경수대로 312번길,37.2544007,127.0224311,37.2540741,127.0242964,시도,기타,0.35
경기도 수원시 권선구 안전건설과,소로3-1012,37.2556517,127.0273392,37.2547851,127.0284506,시도,기타,0.27
제주특별자치도 제주시,마을안길,33.3501368,126.1839609,33.3501368,126.1839609,지방도,기타,1
경기도 수원시 권선구,구운동,37.2783816,126.9742632,37.2783816,126.9742632,시도,기타,0.89
경기도 수원시 권선구,구운동,37.2764566,126.9699573,37.2764566,126.9699573,시도,기타,0.04
서울특별시 도봉구,노해로,37.6507511,127.0301482,37.6502688,127.0304813,구도,고갯길,0.05
서울특별시 도봉구,노해로41가길,37.6501965,127.0269653,37.6501965,127.0269653,구도,고갯길,0.6
제주특별자치도 제주시,마을안길,33.9628192,126.2946736,33.9628192,126.2946736,지방도,기타,1
서울특별시 성북구,종암로,37.602678,127.0310358,37.6015567,127.0288823,구도,고갯길,0.25
서울특별시 도봉구,노해로,37.6512198,127.0328143,37.651681,127.0331597,구도,고갯길,0.5
서울특별시 은평구,힐스테이트녹번 북측길,37.5945038,126.9231173,37.5947697,126.9257769,구도,고갯길,0.25
서울특별시 서초구 안전건설교통국 도로과,서초대로 53길,37.4967862,127.0143178,37.4963411,127.0141946,구도,고갯길,0.06
서울특별시 은평구,은평로20길,37.6002318,126.9336828,37.5980429,126.933717,구도,고갯길,0.25
서울특별시 은평구,은평로16길,37.5993386,126.9295373,37.5992146,126.9279078,구도,고갯길,0.2
서울특별시 은평구,응암로32길,37.5970548,126.9236939,37.5974401,126.9211873,구도,고갯길,0.25
서울특별시 은평구,서오릉로25길,37.6171437,126.9058107,37.6168828,126.9037422,구도,고갯길,0.2
서울특별시 은평구,갈현로15길,37.6105556,126.9056975,37.6124933,126.9057665,구도,고갯길,0.4
서울특별시 은평구,갈현로11가길,37.6053523,126.9082518,37.6061378,126.9082215,구도,고갯길,0.1
서울특별시 은평구,응암로22길,37.5926894,126.9239519,37.5933277,126.9213594,구도,고갯길,0.25
서울특별시 은평구,응암로16길,37.5915074,126.9227682,37.5914266,126.9217104,구도,고갯길,0.1
경기도 수원시 권선구,권선로 509번길,37.2648415,127.0081964,37.2636128,127.0078522,시도,기타,0.2
서울특별시 성북구,장위로,37.6129222,127.0380869,37.6121495,127.0387415,구도,고갯길,0.11
경상남도 도로관리사업소,1016호선,34.9739601,128.1327824,34.9736332,128.1330395,지방도,고갯길,0.2
서울특별시 서초구,방배로 18길,37.4875493,126.9937733,37.4819665,126.997572,구도,고갯길,0.25
서울특별시 은평구,응암로,37.5934022,126.9221653,37.5931363,126.9228683,시도,고갯길,0.3
서울특별시 은평구,응암로28길,37.593967,126.922748,37.5939244,126.9224418,구도,고갯길,0.05
서울특별시 은평구,은평터널로9길,37.5938421,126.9074056,37.5940946,126.9063549,구도,고갯길,0.07
서울특별시 은평구,연서로46길,37.6339751,126.9369294,37.6339472,126.9320589,구도,고갯길,0.54
서울특별시 은평구,불광로2길,37.6120289,126.9332508,37.612427,126.9375892,구도,고갯길,0.2
서울특별시 은평구,가좌로11길,37.5965861,126.9075157,37.5954491,126.9051962,구도,고갯길,0.27
서울특별시 은평구,연서로34가길,37.6211361,126.928234,37.6190794,126.9274086,구도,고갯길,0.2
서울특별시 은평구,진흥로 종속길,37.6114196,126.9377577,37.6108718,126.9382873,구도,고갯길,0.2
서울특별시 은평구,가좌로12길,37.598007,126.908243,37.5975217,126.9081836,구도,고갯길,0.07
서울특별시 은평구,은평터널로7길,37.5926197,126.9021093,37.5925897,126.901819,구도,고갯길,0.1
서울특별시 은평구,가좌로5길,37.5862907,126.9211328,37.5859429,126.9221184,구도,고갯길,0.25
경기도 수원시 권선구,구운동,37.2800722,126.9701631,37.2800722,126.9701631,시도,기타,0.31
부산광역시 남구,전선등로71번길 31,35.1251679,129.0867441,35.1252651,129.0867887,구도,급경사,1
서울특별시 성북구,정릉로,37.6032194,127.0261174,37.6022224,127.0280511,구도,고갯길,0.25
서울특별시 서초구 안전건설교통국 도로과,헌릉로 연결도로,37.461039,127.0364703,37.4650066,127.0423184,시도,지하차도,1.59
대전광역시 서구,가장네거리,36.3329406,127.3825766,36.3307305,127.3850566,지방도,교차로,1
서울특별시 서대문구,증가로,37.5751142,126.9266907,37.5687593,126.9320342,구도,고갯길,0.9
서울특별시 서대문구,백련사길,37.5803807,126.9333565,37.5859024,126.9271745,구도,고갯길,0.7
서울특별시 서대문구,세검정로4길,37.5935855,126.9501936,37.5905543,126.9501936,구도,고갯길,0.56
서울특별시 은평구,불광로,37.6254592,126.9296018,37.6196498,126.9321112,구도,고갯길,0.9
서울특별시 은평구,연서로,37.63965,126.93639,37.6504655,126.9365508,시도,고갯길,1.3
서울특별시 은평구,가좌로,37.5860999,126.9222152,37.5898813,126.9175273,시도,고갯길,0.5
서울특별시 은평구,서오릉로,37.6194087,126.9054313,37.614549,126.9102885,시도,고갯길,0.5
경기도 수원시 권선구,구운동,37.278445,126.9750766,37.278445,126.9750766,시도,기타,0.45
서울특별시 은평구,은평터널로,37.5955784,126.9086557,37.592794,126.9065354,구도,고갯길,0.7
서울특별시 은평구,진흥로,37.6098964,126.943545,37.6093729,126.9338479,시도,터널,1
부산광역시 남구,이기대공원로269,35.1129331,129.1222977,35.1127342,129.122148,구도,급경사,1.3
서울특별시 은평구,증산로,37.5804581,126.9056284,37.5776687,126.9026854,시도,지하차도,0.3
서울특별시 마포구,서강로20길,37.5544782,126.9360431,37.5541775,126.9363276,구도,고갯길,0.02
서울특별시 마포구,마포대로11길,37.5490769,126.9508617,37.5487658,126.9496207,구도,고갯길,0.1
서울특별시 마포구,효창목길,37.5475002,126.9593538,37.5391348,126.959915,구도,고갯길,0.3
서울특별시 마포구,효창목길,37.5376202,126.9473935,37.5363519,126.9473935,구도,고갯길,0.18
서울특별시 마포구,새창로8길,37.5400407,126.9561142,37.5391348,126.9548649,구도,고갯길,0.18
서울특별시 마포구,성산로4길,37.5631138,126.9078616,37.5633086,126.9086904,구도,고갯길,0.07
서울특별시 마포구,마포대로24길,37.5543392,126.9578052,37.5539185,126.9590471,구도,고갯길,0.15
서울특별시 마포구,증산로,37.578668,126.904177,37.574671,126.89999,시도,지하차도,0.03
서울특별시 서대문구,독립문공원길,37.5713582,126.9583185,37.5727562,126.9561156,구도,고갯길,0.3
서울특별시 서초구 안전건설교통국 도로과,양재천로,37.4715515,127.031197,37.4732609,127.032507,구도,기타,0.2
경기도 수원시 권선구,서둔로 269번길,37.2748959,126.9785201,37.2750529,126.9776469,시도,기타,3.1
경기도 수원시 권선구,구운동,37.2764409,126.9714701,37.2764409,126.9714701,시도,기타,0.57
경상남도 거제시,국도14호선,34.8975609,128.5724773,34.8900133,128.5958771,일반국도,고갯길,1
제주특별자치도 제주시,마을안길,33.4947211,126.9526825,33.4947211,126.9526825,지방도,기타,1
서울특별시 마포구,성산로,37.5603997,126.8953108,37.561813,126.90025,시도,지하차도,0.27
서울특별시 마포구,서강로,37.554585,126.937162,37.551267,126.93768,시도,고갯길,0.3
서울특별시 마포구,만리재로,37.5432242,126.9493873,37.55112,126.96204,시도,고갯길,1.3
서울특별시 마포구,백범로,37.5432242,126.9493873,37.541783,126.95624,시도,고갯길,0.5
부산광역시 남구,운산초등학교주변,35.1098782,129.115112,35.1101173,129.115425,구도,급경사,1
서울특별시 양천구,강서로,37.51331,126.855504,37.51028,126.858567,시도,고가도로,0.43
경기도 수원시 권선구,삼천병마로 1598번길,37.245588,126.9651828,37.245588,126.9651828,시도,기타,3.5
서울특별시 구로구,고척로52길,37.504411,126.8562744,37.5048431,126.856053,구도,고갯길,0.13
경상남도 의령군 안전건설국 건설과,군도19호,35.4604052,128.3102965,35.4363833,128.3086817,군도,기타,1.9
제주특별자치도 제주시,마을안길,33.9413991,126.3208979,33.9413991,126.3208979,지방도,기타,1
경상남도 의령군 안전건설국 건설과,국지60호선,35.4648907,128.3062433,35.4724973,128.2664695,지방도,고갯길,4
서울특별시 구로구,고척로51길,37.507222,126.849344,37.5074041,126.8494368,구도,고갯길,0.1
서울특별시 구로구,고척로고개,37.5015085,126.8450726,37.494927,126.841093,구도,고갯길,1.1
경기도 수원시 권선구,구운동,37.2753785,126.9736253,37.2753785,126.9736253,시도,기타,0.04
경기도 수원시 권선구,수인로,37.2789693,126.9802651,37.2789693,126.9802651,시도,기타,3.8
경기도 수원시 권선구,오목천동 57번길,37.2414097,126.9689572,37.2414097,126.9689572,시도,기타,3.8
서울특별시 구로구,구로큰길2,37.498717,126.885444,37.49945,126.883771,구도,지하차도,0.14
서울특별시 구로구,구로큰길1,37.497075,126.887278,37.498201,126.886278,구도,지하차도,0.14
경기도 수원시 권선구,삼천병마로 1570번길,37.2439751,126.9673097,37.2431796,126.9664903,시도,기타,3.5
제주특별자치도 제주시,이면도로,33.473598,126.4481809,33.473598,126.4481809,지방도,기타,1
제주특별자치도 제주시,이면도로,33.497401,126.5318927,33.497401,126.5318927,지방도,기타,1
경상북도 봉화군,지방도918,36.8390561,128.9224375,36.833205,128.9494696,지방도,고갯길,3
서울특별시,남부순환로,37.4815394,126.9478557,37.4812404,126.9526691,시도,상습정체,0.6
서울특별시,남부순환로,37.4784199,126.9595145,37.480198,126.9562254,시도,상습정체,0.4
제주특별자치도 제주시,이면도로,33.4957055,126.5344329,33.4957055,126.5344329,지방도,기타,1
제주특별자치도 제주시,이면도로,33.4980489,126.5326378,33.4980489,126.5326378,지방도,기타,1
서울특별시 강동구,동남로79길,37.5571553,127.1518944,37.5576,127.1567,구도,고갯길,0.3
서울특별시 금천구,금하로28길,37.4496713,126.9122,37.448305,126.911376,구도,고갯길,0.2
제주특별자치도 제주시,이면도로,33.4461998,126.480305,33.4416635,126.4800408,지방도,기타,1
제주특별자치도 제주시,이면도로,33.4848481,126.4648285,33.4783085,126.4675273,지방도,기타,1
제주특별자치도 제주시,마을안길,33.4823505,126.4883554,33.4823505,126.4883554,지방도,기타,1
제주특별자치도 제주시,이면도로,33.5012644,126.5227657,33.5012644,126.5227657,지방도,기타,1
경기도 수원시 권선구,매송고색로,37.2465386,126.9567197,37.2458316,126.9589444,시도,기타,0.3
경기도 수원시 권선구,매송고색로503번길,37.2454939,126.9598189,37.2458142,126.959217,시도,기타,0.2
서울특별시 동작구,현충로 (동작지하차도),37.5019252,126.9790092,37.5014368,126.9824301,시도,지하차도,0.23
서울특별시 동작구,양녕로 (상도지하차도),37.5028466,126.9465808,37.5019022,126.9459485,시도,지하차도,0.1
전라북도 김제시,714호,35.7534282,126.9031698,35.7555554,126.9039145,지방도,교량,0.1
서울특별시 동작구,양녕로 (신상도지하차도),37.5014007,126.945393,37.4992838,126.9440023,시도,지하차도,0.35
서울특별시 영등포구,도영로22길 (영원초교),37.5099512,126.9018764,37.5101645,126.9028684,구도,급경사,0.24
서울특별시 영등포구,신길로42길 (신길4동 주민센터 앞),37.5084075,126.9112652,37.508065,126.9118925,구도,급경사,0.16
서울특별시 영등포구,신길로42가길 (해군중앙교회),37.5089446,126.9165631,37.5091065,126.915057,구도,급경사,0.14
서울특별시 영등포구,여의대방로45길 (신길7동 공영주차장),37.5083049,126.9219959,37.5075998,126.922643,구도,급경사,0.15
서울특별시 동작구,사당로,37.4893391,126.9652708,37.4905372,126.9761913,구도,고갯길,0.7
경기도 수원시 권선구,여기산로 10번길,37.2781147,126.9795563,37.2781147,126.9795563,시도,기타,3.7
서울특별시 동작구,사당로2길,37.4941299,126.961265,37.4918644,126.9633224,구도,고갯길,0.7
서울특별시 동작구,이수고가차도,37.5014368,126.9824301,37.4988251,126.9912193,시도,고가도로,0.24
경기도 수원시 권선구,서둔로 239번길,37.2724605,126.9780281,37.2724605,126.9780281,시도,기타,3.4
경기도 수원시 권선구,오목천로 57번길,37.2403097,126.9688536,37.2403097,126.9688536,시도,기타,3.8
서울특별시 동작구,만양로,37.5080715,126.9471584,37.5077245,126.9482506,구도,고갯길,1.2
서울특별시 동작구,노량진로17길,37.5142789,126.94597,37.5153144,126.9420346,구도,고갯길,0.47
경기도 수원시 권선구,삼천병마로 1570번길,37.2424221,126.9681444,37.2424221,126.9681444,시도,기타,3.7
경기도 수원시 권선구,서수운로 169번길,37.2454994,126.9671186,37.2454994,126.9671186,시도,기타,3.4
경상북도 포항시 북구,도시계획도로,36.0688787,129.3721193,36.0717818,129.3775979,시도,고갯길,0.7
경상북도 포항시,지방도921호선,36.0672394,129.1520785,36.0590694,129.1420602,지방도,고갯길,1.5
서울특별시 송파구,탄천동로,37.516505,127.077261,37.51391,127.077813,구도,고갯길,0.3
서울특별시 송파구,거마로,37.501863,127.14852,37.503793,127.150494,구도,고갯길,0.3
서울특별시 강동구,상암로,37.5461,127.1559,37.5457,127.1643,구도,고갯길,1.2
서울특별시 강동구,천중로,37.5406,127.1469,37.5404,127.1506,구도,고갯길,0.3
서울특별시 강동구,아리수로,37.5587,127.1442,37.5618,127.1508,시도,고갯길,0.7
서울특별시 동작구,흑석로,37.5042189,126.9534547,37.5065464,126.9556177,구도,고갯길,1.4
경기도 수원시 권선구,삼천병마로 1566번길,37.2427309,126.9660872,37.2422041,126.9647619,시도,기타,3.7
부산광역시 남구,이기대공원로,35.1244808,129.1147473,35.1250987,129.1193136,지방도,급경사,0.6
부산광역시 부산진구,연수로(연수로 6-1 ~ 진남로 539-1),35.17314,129.07227,35.1718,129.07329,지방도,고갯길,0.21
제주특별자치도 제주시,이면도로,33.4812469,126.4959637,33.4812469,126.4959637,지방도,기타,1
부산광역시 서구,까치고개로,35.1001748,129.0160227,35.1042788,129.0111533,지방도,고갯길,1.3
서울특별시 서초구 안전건설교통국 도로과,양재천로,37.4748114,127.0370219,37.4759606,127.0395727,구도,기타,0.28
부산광역시 부산진구,중앙대로(중앙대로 930 ~ 진남로 535),35.17292,129.07147,35.17169,129.07276,지방도,고갯길,0.2
부산광역시 동구,안창로,35.1443819,129.0478852,35.1437477,129.0394884,지방도,기타,1
부산광역시 부산진구,진남로 477(양정메트로하이츠점)~ 진남로 340(해동광고),35.16696,129.06946,35.1496997,129.0734332,지방도,고갯길,2
부산광역시 남구,신선대산복로,35.1212086,129.098685,35.1032196,129.1156602,지방도,급경사,3.5
부산광역시 남구,진남로,35.1355083,129.0838213,35.1480835,129.074105,지방도,급경사,1.3
부산광역시 남구,마을안길,35.136592,129.0734906,35.1363152,129.0745412,지방도,급경사,0.11
부산광역시 부산진구,연수로 36번길(연수로36번길 4 ~ 진남로 567),35.17431,129.07503,35.1768,129.07614,지방도,고갯길,0.23
부산광역시 서구,대티로,35.1114822,129.0121545,35.1076109,129.0085434,지방도,고갯길,1
부산광역시 서구,망양로,35.1172533,129.0195223,35.1142497,129.0259489,지방도,고갯길,0.6
경상남도 도로관리사업소 진주지소,우두령로(지방도1099호),35.8306952,127.9280868,35.8520782,127.9363105,지방도,고갯길,2
부산광역시 남구,오륙도로137 앞 도로,35.1016108,129.1230719,35.1015281,129.1230171,구도,상습정체,1
부산광역시 부산진구,양정로(양정로4 ~진남로 551-1),35.17373,129.0739,35.17221,129.07455,지방도,고갯길,0.21
부산광역시 해운대구,달맞이길,35.1608454,129.1724088,35.1637811,129.1852768,지방도,고갯길,1.2
경상남도 거창군 건설과,보해길(군도2호),35.7936723,127.970662,35.7905205,127.9548752,군도,고갯길,2.7
부산광역시 북구,대동화명대교,35.2355361,129.0067402,35.2356783,129.0035069,고속도로,램프,2.4
경상남도 합천군,농도 308,35.4819549,128.1281995,35.479591,128.123976,농어촌도로,기타,0.4
경상남도 합천군,리도202호,35.4802334,128.1288166,35.479591,128.123976,농어촌도로,수변도로,0.4
경상남도 합천군,국도24호선,35.6425266,128.0754451,35.6365467,128.0670849,일반국도,기타,1.2
경기도 수원시 권선구,삼천병마로,37.2450146,126.9629484,37.2457124,126.9647721,시도,기타,0.1
경기도 광주시,시도23호선,37.3282773,127.3892322,37.3260073,127.3978745,시도,고갯길,0.8
경기도 광주시,국지도88호선,37.4796606,127.3540191,37.4795699,127.3646596,시도,고갯길,1.4
부산광역시 사하구,감천로,35.0845714,129.0085158,35.0818558,129.011533,지방도,고갯길,0.5
부산광역시 사하구,옥천로,35.087732,129.0049785,35.0976188,129.0110755,지방도,고갯길,1.2
부산광역시 해운대구,달맞이길,35.1779397,129.1930813,35.1637811,129.1852768,지방도,고갯길,0.2
부산광역시 해운대구,반송순환로,35.2252467,129.1502532,35.2239736,129.152751,지방도,급경사,1.1
부산광역시 해운대구,재반로,35.1937295,129.1291488,35.1794168,129.1261725,지방도,고갯길,1.2
부산광역시 사하구,제석로,35.1156305,128.9890419,35.1073612,128.9757892,지방도,고갯길,1.6
부산광역시 사하구,다대로,35.1011596,128.976154,35.0893231,128.9780928,지방도,고갯길,1.2
부산광역시 북구,강변대로진출입로,35.2536778,129.0128448,35.235664,129.0070525,일반국도,수변도로,2
부산광역시 북구,만덕고개길,35.2139716,129.0472291,35.2134838,129.0491305,일반국도,산악지대,3.4
부산광역시 사하구,다대로,35.0516022,128.9591101,35.0591339,128.9647752,지방도,급커브,1
부산광역시 사하구,두송로,35.0806282,128.9775421,35.0725884,128.9837492,지방도,고갯길,1.4
경기도 포천시,98호선,37.7556058,127.1648402,37.7556376,127.1647322,지방도,고갯길,1.2
경기도 포천시,387호선,37.9398064,127.3351591,37.9398172,127.335186,지방도,고갯길,1.3
국토교통부 서울지방국토관리청 의정부국토관리사무소 도로안전운영과,47호선,38.0900228,127.3913159,38.0899265,127.3913567,일반국도,기타,1.5
서울특별시 은평구,은평터널로,37.5926239,126.9069595,37.5955088,126.9087809,구도,고갯길,0.7
서울특별시 강북구,삼양로,37.6170237,127.0155171,37.6156486,127.0195331,구도,급경사,0.45
부산광역시 연제구 연산2동,황령산로,35.1723222,129.0836195,35.163108,129.0816249,구도,고갯길,1.4
부산광역시 수영구,황령산고갯길,35.147359,129.109892,35.1547478,129.0990805,지방도,고갯길,1.1
경상북도 봉화군,구국도36,36.9404389,129.0701296,36.9438896,129.0917402,위임국도,고갯길,2.5
부산광역시 연제구 연산3동,금련로,35.1702674,129.0961894,35.1686809,129.0951432,구도,급경사,0.2
부산광역시 사상구,백양대로,35.1539631,128.9982399,1,1,일반국도,고갯길,6
경상북도 봉화군,구국도36,36.9285518,129.0319523,36.9217168,129.0550846,위임국도,고갯길,3
부산광역시 기장군,개좌고개(군도19호선),35.2575166,129.149313,35.2521209,129.1418463,군도,급경사,0.8
서울특별시,관악로,37.48217,126.9535889,37.4813376,126.9533892,시도,상습정체,0.1
부산광역시 연제구 거제2동,월드컵대로,35.1911613,129.0674072,35.1854434,129.0542081,시도,교차로,1.4
부산광역시 연제구 연산9동,고분로,35.1843708,129.1136145,35.1868297,129.1099883,구도,교차로,0.32
인천광역시 동구,봉수대로,37.4791782,126.6534706,37.478069,126.6520302,시도,고가도로,0.21
부산광역시 기장군,곰내재(군도19호선),35.3010396,129.1684567,35.3155409,129.168388,군도,급경사,2
서울특별시,관악로,37.4856139,126.9565139,37.48217,126.9535889,시도,상습정체,0.5
서울특별시,남부순환로,37.4789801,126.898923,37.4802168,126.9045495,시도,상습정체,0.5
서울특별시,남부순환로,37.4838863,126.9263407,37.484291,126.9296539,시도,상습정체,0.3
서울특별시,남부순환로,37.4801385,126.9557704,37.4785114,126.9598894,시도,상습정체,0.4
서울특별시,남부순환로,37.4771033,126.9635562,37.4785207,126.9599008,시도,상습정체,0.2
국토교통부 부산지방국토관리청 진영국토관리사무소,명례산단앞(국도14호선),35.3848322,129.2557823,35.3742103,129.2617516,위임국도,급경사,1.6
부산광역시 남구,이면도로 ,35.1323444,129.0870366,35.1325007,129.086687,지방도,급경사,0.1
부산광역시 기장군,갈치고개(군도17호선),35.2536394,129.1838633,35.2524293,129.1775983,군도,급경사,1
대구공공시설관리공단,수성교지하차도,35.8623486,128.6085776,35.8614959,128.6078965,특별시도·광역시도,지하차도,0.13
서울특별시,남부순환로,37.480198,126.9562254,37.4813376,126.9533892,시도,상습정체,0.3
경상남도 창원시 의창구,지방도60호선,35.3398541,128.6010181,35.3500399,128.5643218,지방도,고갯길,3
경상남도 창원시 의창구,온천로,35.3547865,128.6106843,35.3620689,128.5725162,시도,고갯길,2
경상남도 창원시 의창구,태복산로,35.2503604,128.6642807,35.2559891,128.6454289,시도,기타,2.4
대구공공시설관리공단,동신교지하차도,35.8685588,128.6132394,35.8679487,128.6133265,특별시도·광역시도,지하차도,0.09
서울특별시,남부순환로,37.4848909,126.93319,37.4842267,126.9296659,시도,상습정체,0.4
대구공공시설관리공단,매천대교지하차도,35.8916152,128.544738,35.8891457,128.5400156,특별시도·광역시도,지하차도,0.08
대구광역시 서구,평리지하차도,35.8819328,128.5554003,35.8796253,128.5548874,특별시도·광역시도,지하차도,0.3
제주특별자치도 서귀포시,이면도로,33.2363912,126.3733664,33.2363912,126.3733664,지방도,기타,1
대구광역시 서구,비산지하차도,35.8838108,128.5729356,35.8815478,128.5720423,특별시도·광역시도,지하차도,0.3
대구공공시설관리공단,희망교지하차도,35.8478778,128.6057087,35.8471326,128.605656,특별시도·광역시도,지하차도,0.09
대구공공시설관리공단,대봉교지하차도,35.8554136,128.6069924,35.8545887,128.6071822,특별시도·광역시도,지하차도,0.09
대구공공시설관리공단,경대교지하차도,35.8867335,128.600285,35.8859695,128.6005689,특별시도·광역시도,지하차도,0.11
대구공공시설관리공단,신천교지하차도,35.873807,128.6104973,35.8732142,128.611227,특별시도·광역시도,지하차도,0.1
대구공공시설관리공단,팔달교지하차도,35.8937791,128.5514543,35.8944872,128.5529901,특별시도·광역시도,지하차도,0.11
대구광역시 북구,동인지하차도 북편,35.8742674,128.6052827,35.8739518,128.6050975,특별시도·광역시도,지하차도,0.03
대구광역시 북구,칠성지하차도 북편,35.8747411,128.6013116,35.8746307,128.6013348,특별시도·광역시도,지하차도,0.02
대구광역시 북구,매천지하차도,35.9025917,128.5411504,35.9061596,128.5414783,특별시도·광역시도,지하차도,0.4
대구공공시설관리공단,중동교지하차도,35.8419668,128.6063897,35.8409091,128.6062391,특별시도·광역시도,지하차도,0.1
대구광역시 북구,고촌지하차도,35.9150878,128.598037,35.916755,128.5970283,특별시도·광역시도,지하차도,0.2
대구공공시설관리공단,도청교지하차도,35.8887784,128.5978104,35.8882244,128.5989002,특별시도·광역시도,지하차도,0.09
대구광역시 북구,태평지하차도 북편,35.8774532,128.5883525,35.8774686,128.5883829,특별시도·광역시도,지하차도,0.03
대구광역시 북구,원대지하차도 북편,35.8790187,128.5807097,35.8789795,128.580782,특별시도·광역시도,지하차도,0.04
대구광역시 북구,서변지하차도,35.9148588,128.5997284,35.9232345,128.5994437,특별시도·광역시도,지하차도,1
대구공공시설관리공단,성북교지하차도,35.8930024,128.5919897,35.8922957,128.5924953,특별시도·광역시도,지하차도,0.09
대구공공시설관리공단,침산교지하차도,35.9014571,128.5914255,35.9003666,128.591697,특별시도·광역시도,지하차도,0.16
제주특별자치도 제주시,이면도로,33.5128131,126.5289705,33.5128131,126.5289705,지방도,기타,1
제주특별자치도 제주시,인도,33.5129271,126.5268135,33.5129271,126.5268135,지방도,기타,1
인천광역시 미추홀구,수봉로,37.4659211,126.6564775,37.4592836,126.669386,구도,고갯길,2
인천광역시 중구,구청앞,37.4722345,126.6202645,37.4729456,126.6191061,구도,고갯길,0.3
인천광역시 연수구,청량로,37.4230568,126.6547882,37.4199927,126.6529265,구도,고갯길,0.4
인천광역시 연수구,먼우금로,37.4152028,126.6767261,37.41929,126.6794104,시도,고가도로,0.2
인천광역시 연수구,능허대로,37.4183422,126.6500615,37.4205727,126.6462359,시도,고갯길,0.5
인천광역시 연수구,비류대로,37.4247719,126.6766275,37.4234119,126.6888346,시도,고갯길,0.2
인천광역시 연수구,새말로,37.4168373,126.6848655,37.4185338,126.6801415,구도,고갯길,0.3
인천광역시 연수구,먼우금로,37.4201587,126.6799878,37.420857,126.6765496,구도,고갯길,0.4
인천광역시 연수구,비류대로,37.4247237,126.6755567,37.4266443,126.665154,시도,지하차도,0.6
인천광역시 연수구,함박뫼로,37.4225486,126.6747658,37.4202005,126.6720752,구도,지하차도,0.3
인천광역시 연수구,앵고개로,37.4122295,126.6647991,37.4129064,126.6612849,시도,고갯길,0.4
인천광역시 연수구,독배로,37.4311375,126.6461961,37.4314475,126.6440498,시도,고갯길,0.1
부산광역시 남구,이면도로,35.1272064,129.0844452,35.1268568,129.0851103,지방도,급경사,0.2
인천광역시 남동구,만월로,37.4657124,126.7209035,37.4761506,126.7129912,구도,급경사,1.7
인천광역시 남동구,구월남로,37.4522459,126.7206856,37.4517873,126.725626,구도,급경사,0.45
인천광역시 남동구,호구포로,37.4612408,126.7202296,37.4654449,126.7211464,특별시도·광역시도,급경사,0.5
인천광역시 남동구,수현로,37.4631231,126.7397704,37.4635673,126.7507414,구도,급경사,1
인천광역시 남동구,구월남로,37.4538331,126.6947079,37.4516354,126.729817,구도,급경사,3.1
인천광역시 남동구,용천로,37.4635201,126.7146525,37.4496452,126.7143033,구도,급경사,2
경상북도 포항시 북구,7번 국도,36.0776238,129.3428344,36.065584,129.3511909,위임국도,고갯길,1.7
제주특별자치도 서귀포시,이면도로,33.2867963,126.2861123,33.2867963,126.2861123,지방도,기타,1
제주특별자치도 서귀포시,이면도로,33.2597329,126.4057061,33.2597329,126.4057061,지방도,기타,1
광주광역시 북구,양산로,35.200838,126.8912906,35.2041628,126.8839691,지방도,기타,0.9
광주광역시 북구,양산제로,35.1997491,126.8706651,35.2000365,126.8733364,지방도,고갯길,0.5
서울특별시 강북구,솔매로,37.6250391,127.0126436,37.6252073,127.0149786,구도,고갯길,0.25
대전광역시 동구,곤룡로,36.2826011,127.4807413,36.278142,127.489143,지방도,고갯길,1.01
대전광역시 동구,산서로,36.2677767,127.4519293,36.2730938,127.4543786,지방도,고갯길,0.82
부산광역시 남구,이면도로 ,35.1482985,129.0977426,35.1482025,129.0973488,지방도,급경사,0.1
부산광역시 남구,이면도로,35.1272903,129.08915,35.1275975,129.0889664,지방도,급경사,0.02
제주특별자치도 서귀포시,이면도로,33.2501313,126.4062912,33.2501313,126.4062912,지방도,기타,1
대전광역시 동구,신상로,36.3542863,127.4708744,36.3558155,127.4688226,지방도,터널,0.13
대전광역시 동구,신상로,36.3542863,127.4708744,36.3558155,127.4688226,지방도,터널,0.13
대전광역시 동구,신상로,36.3542863,127.4708744,36.3558155,127.4688226,지방도,터널,0.13
대전광역시 동구,신상로,36.3542863,127.4708744,36.3558155,127.4688226,지방도,터널,0.13
대전광역시 유성구,테스트 도로명,36.365803,127.3269898,36.3687656,127.3270215,특별시도·광역시도,교차로,5
울산광역시 동구,봉수로,35.4884791,129.4153862,35.497974,129.4180152,시도,고갯길,1
서울특별시 구로구,오류로,37.4882928,126.8420007,37.4874947,126.8397941,구도,급경사,0.24
서울특별시 구로구,고척로51길,37.5092394,126.8501323,37.507525,126.8500638,구도,급경사,0.41
광주광역시 북구,석곡로,35.1619042,126.9622026,35.174516,126.9644061,지방도,고갯길,1.4
대전광역시 동구,대청호수로,36.3495233,127.475219,36.3537243,127.4774925,지방도,고갯길,1.63
대전광역시 대덕구,장동로,36.4039098,127.4234082,36.4126064,127.4356622,지방도,고갯길,2
대전광역시 대덕구,용호동길,36.4443506,127.4347743,36.4361893,127.4485354,지방도,고갯길,1.7
울산광역시 남구,강남로,35.5455206,129.3519159,35.5417892,129.3597728,시도,지하차도,0.8
울산광역시 동구,방어진순환로,35.4941149,129.4087971,35.4881858,129.4148451,시도,고갯길,0.8
부산광역시 남구,이면도로,35.1304851,129.0754797,35.1300248,129.0759972,지방도,급경사,0.4
서울특별시 강북구,삼양로,37.6274156,127.0167773,37.6274156,127.0167773,구도,급경사,0.07
울산광역시 울주군,군도31호선,35.6259545,129.2208414,35.5683173,129.2321799,군도,고갯길,7.2
울산광역시 울주군,군도4호선,35.5305138,129.1191077,35.5269674,129.135026,군도,고갯길,2
경기도 안양시,비산고가교,37.3972414,126.9310299,37.3951598,126.9271376,지방도,급경사,0.1
울산광역시 울주군,군도26호선,35.4981228,129.0989704,35.4703368,129.1336996,지방도,고갯길,6.5
울산광역시 울주군,군도 34호선,35.511828,129.1861618,35.4935406,129.2675961,군도,고갯길,10.2
경기도 안양시,박달고가차도,37.4107303,126.919845,37.4088403,126.9142146,지방도,급경사,0.1
경기도 안산시,시흥대로,37.3481838,126.7963128,37.3536939,126.8023917,시도,고갯길,0.86
경기도 시흥시,시도19호선,37.3825417,126.8642847,37.3857731,126.8675128,시도,지하차도,0.86
경기도 남양주시,지방도387호선,37.7666504,127.2831152,37.7747286,127.2833731,지방도,고갯길,1.3
경기도 남양주시,도시계획도로,37.673798,127.2029902,37.6830111,127.2105551,시도,고갯길,1.2
경기도 남양주시,지방도383호선,37.6213489,127.1678001,37.6318389,127.1651362,지방도,고갯길,1.5
경기도 남양주시,국지도86호선,37.630969,127.2880842,37.6237682,127.280129,지방도,고갯길,1.5
경기도 남양주시,군도10호선,37.6048388,127.2814445,37.5958471,127.2916175,지방도,고갯길,1.2
경기도 시흥시,국도77호선,37.3786237,126.7399311,37.374917,126.7394646,일반국도,고가도로,0.8
경기도 시흥시,시도2호선,37.3856582,126.8057232,37.3855903,126.8045829,시도,교차로,0.7
경기도 시흥시,시도42호선,37.4388998,126.7898556,37.438693,126.7901445,시도,교차로,0.5
경기도 시흥시,시도19호선,37.395574,126.867378,37.3977154,126.8677067,시도,지하차도,0.3
경기도 시흥시,국도77호선,37.3561021,126.7165361,37.3589667,126.7190548,일반국도,고가도로,0.4
경기도 시흥시,시도9호선,37.377278,126.7391071,37.3772346,126.7393799,시도,교차로,0.7
경기도 시흥시,시도6호선,37.4459481,126.8225886,37.4437425,126.8264228,시도,고갯길,1.9
경기도 시흥시,시도16호선,37.4651521,126.7843947,37.4653708,126.7843926,시도,고갯길,1.9
경기도 시흥시,국도39호선,37.4595477,126.7891154,37.4605991,126.7897243,일반국도,고갯길,1.1
경기도 시흥시,시도25호선,37.3805266,126.815522,37.3783911,126.8129859,시도,고갯길,0.8
경기도 시흥시,국도42호선,37.4034596,126.8464895,37.4039652,126.8343446,일반국도,고갯길,10.46
경기도 하남시 교통건설국 도로관리과,덕풍공원로,37.539227,127.1977845,37.5336507,127.198387,시도,급경사,0.4
경기도 하남시 교통건설국 도로관리과,도시계획도로(세미로1길),37.5448488,127.1938804,37.5424971,127.1941389,시도,급경사,0.25
경상북도 포항시 북구,31번 국도,36.0459118,129.3320446,36.0453158,129.34358,일반국도,고갯길,1.2
서울특별시 강북구,인수봉로,37.630242,127.0135918,37.6204232,127.0123137,시도,급커브,0.7
서울특별시 강북구,월계로,37.613672,127.0377059,37.6141268,127.0377945,구도,급커브,0.2
서울특별시 구로구,부일로9길,37.4949955,126.8257596,37.493161,126.8246438,구도,급경사,0.28
경기도 안성시,국지도82호선,37.0906696,127.3499911,37.0906784,127.349984,지방도,고갯길,0.4
경기도 안성시,지방도302호선,36.9617108,127.3735,36.9603427,127.3837857,지방도,고갯길,1.6
경기도 안성시,지방도325호선,36.9462227,127.3155329,36.935327,127.3187871,지방도,고갯길,1.7
경기도 용인시 처인구 도로과,지방도318호,37.1553768,127.3372855,37.1440773,127.3684794,지방도,급경사,3
경상북도 포항시 북구,도시계획도로,36.0686061,129.3938276,36.075737,129.3889859,시도,고갯길,0.8
경기도 연천군,군도9호선(꽃봉산),38.1367241,127.1020081,38.1335724,127.1159112,군도,고갯길,2
경기도 연천군,리도201호선,38.1943807,127.1067907,38.1935654,127.1075551,군도,고갯길,0.5
강원특별자치도 도로관리사업소,국도56호선,37.8770811,127.8230708,37.8746299,127.8331508,위임국도,고갯길,1.3
강원특별자치도 도로관리사업소,국도56호선,37.8516103,127.8639597,37.8468317,127.8701429,위임국도,고갯길,1.6
경상남도 도로관리사업소,지방도 1026,35.50195,127.89295,35.49955,127.93034,지방도,고갯길,3
부산광역시 남구,이면도로,35.1246766,129.095918,35.1240249,129.0946161,지방도,급경사,0.5
부산광역시 남구,이면도로,35.1367065,129.076972,35.1358091,129.0759695,지방도,급경사,0.14
경기도 안성시,국지도70호선,37.1476503,127.4380125,37.1401784,127.4365871,지방도,고갯길,0.9
경기도 양평군,지방도341호선,37.4845457,127.6114349,37.4829397,127.6182744,지방도,고갯길,0.7
부산광역시 남구,황령대로319번가길 일원,35.1518358,129.0885818,35.1513531,129.0875199,지방도,급경사,0.08
부산광역시 남구,이면도로,35.1241128,129.1002507,35.1253426,129.1010479,지방도,지하차도,0.2
제주특별자치도 서귀포시,이면도로,33.2471123,126.3927344,33.2471123,126.3927344,지방도,기타,1
강원특별자치도 도로관리사업소 강릉지소,지방도415호선,37.6895726,128.808212,37.5863259,128.7776433,지방도,기타,14
강원특별자치도 도로관리사업소 북부지소,지방도403호,37.9540865,127.7301565,38.0071204,127.7298259,지방도,고갯길,5
부산광역시 남구,금호맨션주변,35.1126018,129.1159214,35.1127437,129.1158347,구도,급경사,1
부산광역시 남구,이면도로,35.1379113,129.078653,35.1385174,129.0799076,지방도,급경사,0.15
경상북도 포항시 북구,도시계획도로,36.0453158,129.34358,36.0485567,129.3514214,시도,고갯길,0.8
서울특별시 구로구,개봉로,37.4899096,126.8508886,37.4899496,126.8526264,구도,급경사,0.48
서울특별시 송파구,거마로,37.4942662,127.1446704,37.4955154,127.1452141,구도,급경사,0.16
제주특별자치도 서귀포시,이면도로,33.257275,126.4155176,33.257275,126.4155176,지방도,기타,1
서울특별시 용산구,효창원로86가길,37.5480506,126.9651316,37.5468341,126.9651927,구도,기타,0.13
부산광역시 남구,이면도로,35.1347061,129.0679505,35.1336598,129.0685149,지방도,급경사,0.2
경상북도 포항시 북구,도시계획도로,36.0315732,129.3387652,36.0312908,129.3444833,시도,고갯길,0.7
부산광역시 남구,이면도로,35.1386906,129.0862728,35.1396781,129.0842056,지방도,급경사,0.2
제주특별자치도 서귀포시,이면도로,33.2545167,126.4614993,33.2545167,126.4614993,지방도,기타,1
제주특별자치도 서귀포시,이면도로,33.2811347,126.415732,33.2811347,126.415732,지방도,기타,1
강원특별자치도 도로관리사업소 도로보수과,지방도451호,37.8188108,128.2017157,37.8187546,128.176646,지방도,고갯길,1.9
서울특별시 강남구,학동로30길,37.5129573,127.0320537,37.5119966,127.032743,구도,기타,0.13
제주특별자치도 서귀포시,이면도로,37.4152775,127.256761,37.4152775,127.256761,지방도,기타,1
강원특별자치도 도로관리사업소 태백지소,지427호,37.1818048,129.1343236,37.2423237,129.1703408,지방도,고갯길,10
강원특별자치도 정선군,리도220,37.5184434,128.911879,37.4710136,128.9256884,농어촌도로,고갯길,5
강원특별자치도 도로관리사업소,국도56호선,37.7464206,128.3073416,37.7384839,128.2967864,위임국도,고갯길,2
강원특별자치도 도로관리사업소,국지도70호,37.6622172,127.6553045,37.6508774,127.6524718,지방도,고갯길,1.9
강원특별자치도 도로관리사업소,지방도451호,37.8191064,128.1755979,37.8215564,128.1627678,지방도,고갯길,2
강원특별자치도 도로관리사업소,지방도451호,37.803293,128.0046434,37.8093213,128.013138,지방도,고갯길,2
강원특별자치도 도로관리사업소,지방도451호,37.8093784,128.0131384,37.8029508,128.029504,지방도,고갯길,1.7
강원특별자치도 도로관리사업소,국지도86호,37.6750739,127.6078074,37.6833892,127.6251098,지방도,기타,2.7
강원특별자치도 도로관리사업소,지방도408호,37.8342377,128.0987605,37.8514719,128.1030123,지방도,고갯길,2.5
강원특별자치도 도로관리사업소,지방도408호,37.8884234,128.0963267,37.8929593,128.0874512,지방도,고갯길,1.2
강원특별자치도 도로관리사업소,지방도424호,37.7020014,128.3995434,37.7127603,128.4029682,지방도,고갯길,1.3
강원특별자치도 도로관리사업소,국지도86호,37.6641644,127.5543879,37.6662098,127.5625679,지방도,고갯길,1.8
강원특별자치도 도로관리사업소,지방도406호선,37.6649619,128.0502039,37.6609749,128.0618438,지방도,고갯길,1.6
강원특별자치도 도로관리사업소 도로보수과,지방도444호,37.8182028,128.2104053,37.8025138,128.2138279,지방도,고갯길,1.9
강원특별자치도 도로관리사업소 도로보수과,국지도70호,37.6622172,127.6553045,37.6508774,127.6524718,지방도,고갯길,1.9
강원특별자치도 도로관리사업소,국지도88호,37.2234969,128.3908396,1,1,지방도,고갯길,0.8
강원특별자치도 도로관리사업소,국도19호,37.5167772,128.0317814,37.5323504,128.0564339,위임국도,고갯길,3.2
강원도 홍천군 건설안전국 건설과,부사원리,37.7392036,127.8314365,37.7381791,127.8144559,군도,고갯길,2
강원특별자치도 도로관리사업소 도로보수과,국지도88호,37.2234969,128.3908396,37.21777,128.3957125,지방도,고갯길,0.8
제주특별자치도 서귀포시,이면도로,33.2593548,126.3866397,33.2593548,126.3866397,지방도,기타,1
강원특별자치도 도로관리사업소 강릉지소,지방도456호선,37.6864936,128.7593566,37.7211244,128.8167563,지방도,기타,8
세종특별자치시,세종로,36.4674146,127.2676367,36.4674146,127.2676367,시도,교량,0.74
서울특별시 서초구 안전건설교통국 도로과,명달로1길,37.4781062,127.003649,37.4781062,127.003649,구도,급경사,0.08
제주특별자치도 서귀포시,이면도로,33.329624,126.7702073,33.329624,126.7702073,지방도,기타,1
강원특별자치도 도로관리사업소,지방도420호,37.4740731,128.2548216,37.4777509,128.2477435,지방도,고갯길,1.6
제주특별자치도 서귀포시,이면도로,33.2508304,126.4241487,33.2508304,126.4241487,지방도,기타,1
강원특별자치도 도로관리사업소,지방도424호,37.5572043,128.3964635,37.5647643,128.3998871,지방도,기타,0.9
강원특별자치도 도로관리사업소,지방도424호,37.4764739,128.3868388,37.482559,128.3940983,지방도,기타,1.3
강원특별자치도 도로관리사업소,지방도424호,37.6831689,128.3921464,37.6730044,128.3866594,지방도,고갯길,1.3
강원특별자치도 정선군,군도7호선,37.2490241,128.8223085,37.2445728,128.8179043,군도,급경사,3
강원특별자치도 정선군,군도6호선,37.2320476,128.6613311,37.2275203,128.6123449,군도,급경사,4.5
강원특별자치도 정선군,리도210,37.2712303,128.6031174,37.2858724,128.6416804,농어촌도로,고갯길,2.5
강원특별자치도 도로관리사업소 도로보수과,지방도420호,37.4740731,128.2548216,37.4777509,128.2477435,지방도,고갯길,1.6
강원특별자치도 정선군,군도8호선,37.4806028,128.6056073,37.4870642,128.5991635,군도,급경사,3.9
서울특별시 강남구,삼성로147길,37.520672,127.0451112,37.5220284,127.0453205,구도,기타,0.06
제주특별자치도 서귀포시,이면도로,33.2508974,126.4334365,33.2508974,126.4334365,지방도,기타,1
제주특별자치도 제주시,이면도로,33.4798615,126.4663654,33.4783085,126.4675273,지방도,기타,1
제주특별자치도 제주시,마을안길,33.4848653,126.4885575,33.4848653,126.4885575,지방도,기타,1
제주특별자치도 제주시,마을안길,33.4838689,126.4932272,33.4838689,126.4932272,지방도,기타,1
강원특별자치도 도로관리사업소 북부지소,지방도372호,38.0633766,127.5206665,38.0870943,127.447587,지방도,고갯길,6
부산광역시 남구,이면도로,35.1306846,129.070775,35.1311437,129.0712213,지방도,급경사,0.1
강원특별자치도 도로관리사업소,지방도451호,37.8188108,128.2017157,37.8187546,128.176646,지방도,고갯길,1.9
제주특별자치도 서귀포시,이면도로,33.2530561,126.4189376,33.2530561,126.4189376,지방도,기타,1
강원특별자치도 고성군,군도1호선,38.329253,128.46107,38.330631,128.46824,군도,고갯길,0.6
세종특별자치시,운주산로,36.6304512,127.2890248,36.6324189,127.2896302,시도,고가도로,0.2
서울특별시 강남구,테헤란로44길,37.5023817,127.0448183,37.5022179,127.0475247,구도,급경사,0.1
세종특별자치시,한누리대로,36.5225326,127.2599273,36.5275624,127.2636862,시도,고가도로,0.37
인천광역시 중구,자유공원로,37.475226,126.6263107,37.4792505,126.6202452,구도,고갯길,0.7
충청북도 충주시,유주막교(단월),36.9404784,127.9199283,36.9365418,127.9239494,군도,교량,0.7
충청북도 충주시,갱고개길(교현안림),36.9771678,127.9402323,36.9729338,127.9395589,군도,급경사,0.5
제주특별자치도 서귀포시,이면도로,33.2512123,126.4253575,33.2512123,126.4253575,지방도,기타,1
서울특별시 강남구,학동로46길,37.5160446,127.0380816,37.5156392,127.0383319,구도,급경사,0.6
제주특별자치도 제주시,이면도로,33.4888082,126.5127046,33.4888082,126.5127046,지방도,기타,1
제주특별자치도 제주시,이면도로,33.5126737,126.5315731,33.5126737,126.5315731,지방도,기타,1
충청북도 충주시,동일하이빌 뒷길,36.9579982,127.9446959,36.9618292,127.9475856,군도,급경사,0.5
충청북도 충주시,세중참사랑 앞 도로,36.9647989,127.9388429,36.9652166,127.93428,군도,급경사,0.4
충청북도 충주시,미덕학원 주변도로,36.9544876,127.9395377,36.947332,127.9380892,군도,급경사,0.8
충청북도 충주시,지현신촌 및 세경@주변로,36.9599168,127.9270215,36.9574442,127.9312802,군도,급경사,0.5
충청북도 충주시,한국농어촌공사 주변로,36.9700615,127.9161136,36.9689003,127.9139399,군도,급경사,0.7
충청북도 충주시,군도7호선(살미),36.8897713,127.9482783,36.9063443,127.955323,군도,급경사,2.6
충청북도 충주시,군도4호선(살미),36.9002823,127.9220528,36.8896268,127.9475734,군도,급경사,4.5
서울특별시 강남구,언주로126길,37.513305,127.0358225,37.5132882,127.0362682,구도,급경사,0.13
충청북도 괴산군,군도13호선,36.655339,127.7594978,36.6527753,127.7676517,군도,고갯길,1
충청남도 서산시,농어촌도로,36.8281355,126.3281717,36.844662,126.3349538,농어촌도로,고갯길,2
충청남도 서산시,농어촌도로,36.9161802,126.4524716,36.9227134,126.4709308,농어촌도로,고갯길,2
충청남도 서산시,시도7,36.7639826,126.4942719,36.7621704,126.5067338,지방도,고갯길,1
충청남도 서산시,농어촌도로,36.7790402,126.3965549,36.7879559,126.4089624,농어촌도로,고갯길,1.5
충청북도 괴산군,군도23호선,36.7630277,128.0069529,36.7534821,128.0295844,군도,고갯길,3.8
충청남도 서산시,시도8,36.803755,126.5515909,36.8115493,126.5797155,지방도,고갯길,2.9
충청남도 서산시,도시계획도로,36.7728914,126.4408131,36.7883104,126.4347639,시도,고갯길,2
제주특별자치도 서귀포시,이면도로,33.2508354,126.4775827,33.2508354,126.4775827,지방도,기타,1
경상남도 함양군,"마을안길, 인도 등",35.6924959,127.7591989,35.6924959,127.7591989,군도,기타,0
충청남도 서산시,농어촌도로,36.6504676,126.5455876,36.6488883,126.5534271,농어촌도로,수변도로,1
충청남도 금산군,군도9호선(일흔이재로),36.1478645,127.5247318,36.1386174,127.5076822,군도,고갯길,4
충청남도 서산시,시도13,36.8686637,126.4280256,36.8835881,126.4144089,지방도,고갯길,2
제주특별자치도 서귀포시,이면도로,33.2636757,126.5109377,33.2636757,126.5109377,지방도,기타,1
전라북도 무주군,국도37호선,35.9293677,127.7523502,35.931379,127.7563939,위임국도,고갯길,1.3
전북특별자치도 도로관리사업소,지방도 706호,36.057923,126.8698667,36.0501657,126.8554154,지방도,고갯길,1
제주특별자치도 서귀포시,이면도로,33.2647385,126.4117492,33.2647385,126.4117492,지방도,기타,1
제주특별자치도 서귀포시,이면도로,33.2649123,126.5550057,33.2649123,126.5550057,지방도,기타,1
제주특별자치도 서귀포시,이면도로,33.2522873,126.5628544,33.2522873,126.5628544,지방도,기타,1
전라북도 무주군,농어촌도로,35.9944935,127.5683118,35.9901227,127.5616337,지방도,급경사,0.4
제주특별자치도 서귀포시,이면도로,33.2542867,126.5295318,33.2542867,126.5295318,지방도,기타,1
경상남도 함양군,농로,35.6466776,127.840078,35.6466776,127.840078,군도,기타,0
전라남도 목포시,유달로,34.7867038,126.3789123,34.7935003,126.3655968,시도,급경사,5
전라남도 함평군,남일길,35.068147,126.5119941,35.0711305,126.5061822,군도,급경사,0.6
경상북도 상주시,군도20호선,36.3823537,127.9250653,36.3809109,127.9231369,군도,고갯길,0.4
경상북도 상주시,군도20호선,36.3752829,127.9066381,36.3768194,127.9048531,군도,고갯길,0.2
제주특별자치도 서귀포시,이면도로,33.2673645,126.3869595,33.2673645,126.3869595,지방도,기타,1
서울특별시 송파구,동남로20길,37.4953442,127.1349878,37.4938652,127.1365944,구도,급경사,0.21
경상남도,지방도1004호,35.2115288,128.3103713,35.2203593,128.3156788,지방도,고갯길,1
경상북도 문경시,은성로,36.6641597,128.1220611,36.6486038,128.0796473,지방도,고갯길,5.8
경상북도 상주시,리도203호선,36.397667,127.9685993,36.3996408,127.9685482,농어촌도로,고갯길,0.2
경상북도 영주시,지방도935호선,37.013234,128.655853,37.038449,128.6698064,지방도,고갯길,5
경상북도 봉화군,지방도910,37.0805825,129.1114415,37.0825131,129.1322309,지방도,고갯길,2
제주특별자치도 서귀포시,이면도로,33.3532141,126.8134782,33.3532141,126.8134782,지방도,기타,1
경상북도 북부건설사업소,금천로,36.7783525,128.3185582,36.8546211,128.2831056,위임국도,고갯길,11
경상북도 문경시,강동로,36.6560006,128.2683488,36.6611737,128.2857543,지방도,고갯길,1.8
제주특별자치도 서귀포시,이면도로,33.2557469,126.5125875,33.2557469,126.5125875,지방도,기타,1
경상북도 고령군,군도5호선,35.8045964,128.3827614,35.8113133,128.3896388,군도,고갯길,1
경상남도 함양군,"마을안길, 인도 등",35.4745621,127.6531464,35.4745621,127.6531464,군도,기타,0
경상남도 함양군,농로,35.650929,127.8039142,35.650929,127.8039142,군도,기타,0
경상북도 봉화군,지방도933,36.8498322,128.9798475,36.8657882,128.9917091,지방도,고갯길,2
제주특별자치도 서귀포시,이면도로,33.2519733,126.563768,37.7374753,127.4231371,지방도,기타,1
서울특별시 송파구,거마로,37.4959467,127.1453172,37.4973285,127.1459822,구도,급경사,0.15
제주특별자치도 서귀포시,이면도로,33.2473023,126.5571924,33.2473023,126.5571924,지방도,기타,1
제주특별자치도 서귀포시,이면도로,33.3517502,126.8374265,33.3517502,126.8374265,지방도,기타,1
경상북도 봉화군,국지도88,37.0313426,128.8094164,37.0413716,128.7970197,지방도,고갯길,2
제주특별자치도 서귀포시,이면도로,33.2526905,126.5554393,33.2526905,126.5554393,지방도,기타,1
경상북도 문경시,팔영길,36.7639851,128.1333826,36.7903326,128.1310943,지방도,고갯길,3.7
경상남도 함양군,"마을안길, 인도 등",35.5622023,127.836874,35.5622023,127.836874,군도,기타,0
제주특별자치도 서귀포시,이면도로,33.2684748,126.5692777,33.2684748,126.5692777,지방도,기타,1
경상남도 진주시,남강댐지구,35.1590931,128.0316268,35.1621893,128.037894,시도,급경사,0.3
경상남도 진주시,진양호지구,35.20078,128.0249764,35.2031482,128.0196944,시도,기타,1
경상남도 진주시,말티고개,35.1932507,128.0915278,35.1982242,128.1103819,시도,기타,3
경상남도 진주시,국도2호,35.1701046,128.0969,35.1649268,128.1055741,일반국도,기타,2
국토교통부 부산지방국토관리청 진주국토관리사무소,국도3호선,35.2307663,128.0125311,35.2332392,128.0090839,일반국도,기타,0.5
국토교통부 부산지방국토관리청 진주국토관리사무소,국도3호,35.2173588,128.033455,35.2227592,128.0276921,일반국도,기타,1
국토교통부 부산지방국토관리청 진주국토관리사무소,국도2호,35.1418139,128.3425904,35.1353315,128.3534853,일반국도,기타,0.8
경상남도,지방도1007호,35.2054406,128.0731807,35.2137567,128.0661782,지방도,고갯길,1
경상남도,지방도1013호,35.2816,128.1746504,35.2826375,128.1768308,지방도,고갯길,0.7
경상남도 진주시,진양호 호반도로,35.2007869,128.0249327,35.2032055,128.0196503,시도,기타,1
경상남도 진주시,시도6호,35.1121001,128.1679086,35.1180227,128.1552073,시도,기타,1.5
경상남도 진주시,시도26호,35.1978092,128.1679801,35.1925376,128.2170183,시도,기타,6
경상남도 진주시,삼계로,35.1595055,128.0313089,35.1621691,128.0376173,시도,기타,0.3
경상남도 진주시,말티고개로,35.1932541,128.0915564,35.1982241,128.1103899,시도,기타,3
경상남도 진주시,국도33호,35.2965356,128.0794673,35.307206,128.0834438,일반국도,기타,0.4
경상남도 진주시,국도2호,35.1701059,128.0969605,35.1648705,128.1055139,일반국도,기타,2
경상남도 진주시,국도3호,35.2307909,128.012512,35.233256,128.0091427,일반국도,기타,1
경상남도 진주시,국도3호,35.2825649,127.9913054,35.2861262,127.9906877,일반국도,기타,0.4
경상남도 진주시,국도3호,35.2326518,128.0092063,35.2443933,127.9946544,일반국도,기타,0.5
경상남도 진주시,국도2호,35.1418645,128.3425578,35.1353738,128.3535455,일반국도,기타,0.8
경상남도,국지도77호선,34.906736,128.334822,34.905692,128.323842,위임국도,기타,1.25
경상남도,지방도1021호선,34.868247,128.4058635,34.872173,128.394309,지방도,기타,1.5
국토교통부 부산지방국토관리청 진주국토관리사무소,국도14호선,34.545239,128.213186,34.553519,128.213523,일반국도,기타,1.5
국토교통부 부산지방국토관리청 진주국토관리사무소,국지77호선,34.55783,128.25996,34.55334,128.253593,일반국도,고갯길,1.2
경상남도,지방도1021호선,34.824263,128.3445664,34.8331899,128.3435807,지방도,기타,2.1
경상남도 통영시,국지도67호선,34.82747,128.40567,34.827283,128.415539,위임국도,기타,1
경상남도 통영시,중로1-2호선,34.85213,128.431455,34.854418,128.435665,시도,기타,0.5
경상남도 통영시,면도101호선(용남면),34.52161,128.25293,34.52851,128.264145,농어촌도로,기타,2
경상남도 도로관리사업소,1002호선,35.0667096,127.9761103,35.0668162,127.9762792,지방도,고갯길,0.7
제주특별자치도 서귀포시,이면도로,33.2780929,126.5888468,33.2780929,126.5888468,지방도,기타,1
경상남도 도로관리사업소,1002,35.0681327,127.996216,35.0695332,127.9995847,지방도,고갯길,0.8
경상남도 도로관리사업소,1001호선,35.0418577,128.1048714,35.04072,128.1065085,지방도,고갯길,0.4
경상남도 도로관리사업소,58호선,34.9564951,128.0343879,34.9568108,128.0343405,위임국도,고갯길,0.6
경상남도 도로관리사업소,58호선,34.9297657,128.1104261,34.9298159,128.11055,위임국도,고갯길,0.2
경상남도 도로관리사업소,1002호선,35.0914847,128.0402144,35.0931322,128.040411,지방도,고갯길,0.2
경상남도 도로관리사업소,30호선,35.090486,128.1253013,35.0901132,128.1265612,위임국도,고갯길,0.3
경상남도 도로관리사업소,58호선,35.0619225,127.9571754,35.0621673,127.9571759,위임국도,고갯길,0.2
경상남도 사천시,18호선,35.0959995,127.9879161,35.0946426,127.9887994,시도,고갯길,0.8
경상남도 사천시,3호선,35.1040219,128.0993651,35.1042125,128.0999237,시도,고갯길,0.2
제주특별자치도 서귀포시,이면도로,33.3070925,126.5687502,33.3070925,126.5687502,지방도,기타,1
서울특별시 양천구,목동중앙본로2길,37.5392409,126.8726608,37.5400863,126.8731882,구도,급경사,0.12
국토교통부 부산지방국토관리청 진영국토관리사무소 도로안전운영과,국도58호선,35.3979411,128.8217525,35.4420862,128.8082653,일반국도,급커브,7.5
경상남도 도로관리사업소 도로보수과,지방도 1080호선,35.4874258,128.7230993,35.4940842,128.6997389,지방도,고갯길,7.2
국토교통부 부산지방국토관리청 김해국토관리사무소,국도25호선,35.5591085,128.7612524,35.5625897,128.7639121,일반국도,교량,0.5
국토교통부 부산지방국토관리청 김해국토관리사무소,국도25호선,35.5170792,128.7744179,35.5240339,128.7795233,일반국도,고갯길,1
경상남도 밀양시,시도 10호선,35.5160001,128.8610836,35.5155592,128.8684323,시도,터널,1
경상남도 밀양시,시도13호선,35.4756712,128.8544486,35.4584682,128.8751575,시도,고갯길,3
경상남도 밀양시,시도22호선,35.411786,128.7697962,35.4018494,128.7488193,시도,고갯길,1
국토교통부 부산지방국토관리청 진영국토관리사무소 도로안전운영과,국도25호선,35.42394,128.7689277,35.406694,128.7625555,일반국도,고갯길,2
경상남도 도로관리사업소,지방도1018호선,34.7805945,128.6375026,34.7842497,128.6341647,지방도,고갯길,1.5
국토교통부 부산지방국토관리청 김해국토관리사무소,구국도,35.4512984,128.8017181,35.4656731,128.7864093,일반국도,고갯길,2.8
국토교통부 부산지방국토관리청 김해국토관리사무소,국도24호선,35.504461,128.7559379,35.5139931,128.7716946,일반국도,급커브,2.5
국토교통부 부산지방국토관리청 김해국토관리사무소,국도 24호선,35.529804,128.6909392,35.5362734,128.6631673,위임국도,고갯길,4.9
경상남도 밀양시,구.국도,35.6035185,128.9149251,35.6022178,128.9247376,농어촌도로,고갯길,1
국토교통부 부산지방국토관리청 김해국토관리사무소,국도24호선,35.5562706,128.6236965,35.5706072,128.5857109,위임국도,고갯길,6
경상남도 산청군,국도20호,35.27564,127.94794,35.27916,127.94138,일반국도,고갯길,0.5
경상남도 함양군,"마을안길, 인도 등",35.470675,127.6440102,35.470675,127.6440102,군도,기타,0
제주특별자치도 서귀포시,이면도로,33.2632773,126.6155579,33.2632773,126.6155579,지방도,기타,1
국토교통부 부산지방국토관리청,국도5호선,34.954866,128.655756,34.946107,128.654078,일반국도,기타,1
경상남도 거제시,국도14호선,34.9128221,128.5179164,34.9127983,128.5422521,일반국도,급경사,1
경상남도 거제시,도시계획도로(대로1-1),34.9119904,128.6796216,34.903652,128.6826876,시도,급경사,1
경상남도 의령군 안전건설국 건설과,군도13호선,35.3857501,128.2750456,35.4099118,128.2804316,군도,고갯길,4.3
서울특별시 강북구 건설교통국 도로관리과,삼양로,37.6145249,127.0236079,37.6144319,127.0223236,구도,급경사,0.35
경상남도 의령군 안전건설국 건설과,지방도 1041호선,35.4311645,128.3458528,35.3902927,128.3767054,지방도,고갯길,4.34
경상남도 의령군 안전건설국 건설과,군도4호선,35.3864706,128.1686772,35.3760541,128.1833708,군도,기타,2.6
서울특별시 강북구 건설교통국 도로관리과,오패산로,37.6261666,127.0306374,37.6258971,127.0296804,구도,급경사,0.11
제주특별자치도 제주시,마을안길,33.5083872,126.5649567,33.5083872,126.5649567,지방도,기타,1
제주특별자치도 제주시,마을안길,33.5248454,126.5624903,33.5248454,126.5624903,지방도,기타,1
경상남도 의령군 안전건설국 건설과,지방도 1041호선,35.3753791,128.398906,35.3694128,128.4070196,지방도,고갯길,1
경상남도 의령군 안전건설국 건설과,지방도 1011호선,35.357266,128.3506184,35.3617996,128.3443864,지방도,고갯길,1.8
경상남도 함안군,국도79호,35.1946505,128.4559315,35.1875647,128.4616814,위임국도,고갯길,2.5
경상남도 함안군,국도79호선,35.2756531,128.3265566,35.2788939,128.3161715,위임국도,고갯길,1
경상남도 거제시,시도5호선,34.8138797,128.6423975,34.8131791,128.6551233,시도,고갯길,1
서울특별시 송파구,동남로,37.4961017,127.1310327,37.4963902,127.130295,구도,급경사,0.18
경상남도 의령군 안전건설국,부림 106호선,35.4427977,128.3644065,35.4576494,128.3751107,농어촌도로,기타,2.9
서울특별시 강남구,테헤란로68길,37.5051154,127.0518797,37.5051154,127.0518797,구도,기타,0.04
국토교통부 부산지방국토관리청 진영국토관리사무소,국도20호선,35.5828424,128.5082064,35.6024945,128.536771,일반국도,고갯길,5.1
경상남도 도로관리사업소,국도24호선,35.5595597,128.5677977,35.5703436,128.5855242,일반국도,고갯길,3.8
경상남도 도로관리사업소,지방도1080,35.5710887,128.4084727,35.5663357,128.4167518,지방도,고갯길,1
경상남도 도로관리사업소,국도79호선,35.4601403,128.4870678,35.4588014,128.4957236,일반국도,고갯길,1.2
경상남도 도로관리사업소,지방도1008호선,35.4309627,128.6122992,35.4287818,128.6326952,지방도,고갯길,1.7
서울특별시 강남구,삼성로147길,37.5206616,127.0438299,37.5206834,127.0465552,구도,기타,0.28
경상남도 고성군,군도3호선,34.964384,128.2332351,34.9732723,128.2326971,군도,기타,1.5
경상남도 고성군,군도19호선,34.9677863,128.1871781,34.9507645,128.1905933,군도,기타,1.5
경상남도 도로관리사업소,1009호선,35.0379254,128.2871594,35.0458449,128.2778324,지방도,기타,1.7
제주특별자치도 서귀포시,이면도로,33.2406015,126.5585307,33.2406015,126.5585307,지방도,기타,1
경상남도 창녕군,군도10호선,35.4429165,128.5717764,35.4407831,128.5684982,군도,고갯길,0.7
경상남도 고성군,군도14호선,35.0323381,128.4287718,35.0214647,128.4379726,군도,기타,2
제주특별자치도 서귀포시,이면도로,33.2455858,126.5653889,33.2455858,126.5653889,지방도,기타,1
제주특별자치도 제주시,이면도로,33.518279,126.5411508,33.518279,126.5411508,지방도,기타,1
경상남도 고성군,군도17호선,35.0120568,128.2339283,35.0131091,128.2455059,군도,기타,0.5
경상남도 도로관리사업소,1016호선,34.9776018,128.1684043,34.9884228,128.1574689,지방도,기타,2
국토교통부 부산지방국토관리청 진주국토관리사무소,국도33호선,34.9811707,128.2636342,34.9864652,128.2484038,일반국도,기타,1.5
경상남도 함양군,"마을안길, 인도 등",35.7091567,127.6909631,35.7091567,127.6909631,군도,기타,0
제주특별자치도 서귀포시,이면도로,33.2535277,126.564768,33.2535277,126.564768,지방도,기타,1
제주특별자치도 서귀포시,이면도로,33.2514675,126.5642265,33.2514675,126.5642265,지방도,기타,1
경상남도 도로관리사업소,1002호선,35.1075692,128.3198686,35.1096297,128.3168169,지방도,기타,0.5
서울특별시 강남구,테헤란로19길,37.503185,127.0329848,37.503185,127.0329848,구도,기타,0.06
경상남도 하동군,지방도1005호,35.1359714,127.8765283,35.1450345,127.877534,지방도,고갯길,1
경상남도 하동군,지방도1023호,35.2630274,127.635587,35.2881692,127.6481,지방도,고갯길,5
경상남도 하동군,국지도58호,35.1128716,127.8540523,35.0906653,127.8255532,지방도,고갯길,5
경상남도 도로관리사업소 진주지소,지방도1024호선(노량로),34.935094,127.8762903,34.936921,127.8764146,지방도,고갯길,0.1
경상남도 하동군,지방도1014호,35.2222467,127.7503655,35.2269926,127.7352633,지방도,고갯길,2
경상남도 남해군,군도5호선,34.7945864,127.8694863,34.8001897,127.8696943,군도,고갯길,1.3
경상남도 도로관리사업소,지방도1047~군도12호,35.26599,127.76439,35.28134,127.72276,지방도,고갯길,6
경상남도 도로관리사업소,국도3호,35.44906,127.87724,35.48198,127.86139,일반국도,고갯길,1
경상남도 산청군,군도27,35.38453,128.05248,35.38243,128.05946,군도,고갯길,0.5
경상남도 산청군,군도15,35.45563,127.78651,35.44328,127.78318,군도,고갯길,0.5
경상남도 도로관리사업소,지방도1049,35.27895,127.97,35.2766,127.98527,지방도,고갯길,2.5
경상남도 도로관리사업소,국도3호선,35.35,127.93513,35.36798,127.91672,일반국도,고갯길,1
경상남도 도로관리사업소,국도20호,35.27605,127.94955,35.29508,127.90343,일반국도,고갯길,0.5
경상남도 도로관리사업소,지방도1026,35.47559,127.87694,35.46552,127.87428,지방도,고갯길,3
경상남도 산청군,군도8,35.46517,127.93601,35.45829,127.97159,군도,고갯길,4
경상남도 도로관리사업소,국지도60,35.43885,127.84093,35.45431,127.81967,지방도,고갯길,2
경상남도 도로관리사업소,국도59호,35.36988,127.85432,35.42202,127.8489,일반국도,고갯길,12
경상남도 도로관리사업소,국지도60,35.404,127.92971,35.3929,127.99008,지방도,고갯길,6
경상남도,국지도37호선(원통재),35.6242296,127.6842928,35.5905176,127.6514827,지방도,고갯길,7
제주특별자치도 서귀포시,이면도로,33.3839837,126.7940047,33.3839837,126.7940047,지방도,기타,1
제주특별자치도 서귀포시,이면도로,33.326231,126.7656244,33.326231,126.7656244,지방도,기타,1
경상남도 도로관리사업소,지방도1047~군도20호,35.25997,127.78099,35.2793,127.94143,지방도,고갯길,5
경상남도 도로관리사업소 진주지소,빼재로(국도37호),35.7646799,127.8599129,35.7661018,127.861157,지방도,기타,0.6
경상남도 도로관리사업소,국도59,35.43379,127.88927,35.46596,127.93171,위임국도,고갯길,6
경상남도 도로관리사업소,지방도1034,35.49078,127.82221,35.49366,127.8189,지방도,고갯길,1.5
경상남도 거창군,고들고개길(군도18호),35.7390724,127.9509682,35.7408617,127.9863268,군도,고갯길,4
경상남도 도로관리사업소,지방도1026,35.48147,127.87942,35.48589,127.88057,지방도,고갯길,1
경상남도 도로관리사업소 진주지소,송계로(국지37호),35.7362588,127.8422793,35.7311291,127.853096,지방도,기타,1.2
경상남도 도로관리사업소 진주지소,지산로(지방도1099호),35.6667394,127.9807929,35.6588273,127.9712334,지방도,고갯길,3.4
경상남도 도로관리사업소 진주지소,송계로(지방도1001호),35.8256116,127.8136619,35.8510629,127.8321995,지방도,고갯길,3.7
경상남도 거창군,고웅로(면도103호),35.8305147,127.8877116,35.8454117,127.9062428,농어촌도로,고갯길,2.8
경기도 광주시,지방도 338호선,37.4319098,127.2040868,37.4327513,127.1944093,지방도,고갯길,1
경기도 광주시,국도43호선,37.4316624,127.2604476,37.4425767,127.2635887,위임국도,고갯길,1.3
경기도 광주시,국지도 98호선,37.3880052,127.4093861,37.3913352,127.4167859,지방도,고갯길,0.8
경기도 광주시,도마리고개,37.4676964,127.2726142,37.4512218,127.2633126,위임국도,고갯길,2.1
경기도 광주시,지방도338호선,37.4452223,127.3138536,37.4619009,127.3224633,지방도,고갯길,2
경기도 광주시,갈마고개,37.4182235,127.1924208,37.4197866,127.190853,시도,고갯길,0.3
경상남도 도로관리사업소 진주지소,빼재로(위임국도37호선),35.8508579,127.8353435,35.8611757,127.8311733,위임국도,고갯길,1.9
경기도 양주시,지방도371호선,37.6783888,126.9231121,37.6702337,126.919244,지방도,고갯길,1
경기도 양주시,지방도371호선,37.9058801,126.9627585,37.9203145,126.9543524,지방도,고갯길,1
경기도 양주시,지방도360호선,37.8840447,126.950545,37.8547691,126.9387742,지방도,고갯길,0.5
경기도 광주시,국지도57호선,37.359929,127.151232,37.356355,127.165692,지방도,고갯길,1.43
경상남도 도로관리사업소 진주지소,고제로(지방도1089호선),35.8871671,127.8764371,35.9046597,127.8601931,지방도,고갯길,2.7
경상남도 도로관리사업소 진주지소,밤티재로(지방도1089호),35.6456653,127.9517676,35.6448965,127.9540624,지방도,기타,0.4
경상남도 거창군,거안로(군도35호),35.6906034,127.8780728,35.6863361,127.8758108,군도,기타,0.9
경상남도 창원시 마산합포구,수정고개(구산로),35.1326534,128.5663894,35.1170947,128.5801184,시도,급경사,2.5
서울특별시 서초구 안전건설교통국 도로과,헌릉로,37.4552681,127.06671,37.4593588,127.0808869,시도,급경사,0.9
경기도 포천시,98호선,37.8136576,127.1952673,37.8136362,127.195281,지방도,고갯길,4
경기도 포천시,시도,37.9300309,127.1866631,37.9299774,127.1866633,지방도,고갯길,6
경기도 양주시,국지도56호선,37.8520492,127.0364508,37.8602528,127.0278017,지방도,고갯길,0.5
제주특별자치도 서귀포시,이면도로,33.32562,126.7959023,33.32562,126.7959023,지방도,기타,1
경기도 양주시,국지도39호선,37.7718763,126.961128,37.7611096,126.9663147,지방도,고갯길,1.5
서울특별시 양천구,목동중앙로9길,37.538343,126.8730411,37.5392191,126.8728095,구도,급커브,0.09
제주특별자치도 서귀포시,이면도로,33.2838943,126.3531844,33.2838943,126.3531844,지방도,기타,1
경기도 포천시,87호선,37.9175098,127.1876186,37.9175527,127.1876455,지방도,고갯길,7
세종특별자치시,송곡리 고개,36.6197661,127.269682,36.624914,127.26844,시도,고갯길,0.5
서울특별시 강남구,도산대로8길,37.516893,127.0220849,37.5151801,127.0225143,구도,기타,0.2
제주특별자치도 서귀포시,이면도로,33.2387615,126.3657939,33.2387615,126.3657939,지방도,기타,1
세종특별자치시,운주산로,36.6639541,127.2198301,36.6681708,127.219087,시도,고갯길,0.7
세종특별자치시,한누리대로,36.4952197,127.2570956,36.5004927,127.2594152,시도,고가도로,0.36
세종특별자치시,금병로,36.4519507,127.3076517,36.4609369,127.3070656,시도,고갯길,0.5
제주특별자치도 제주시,마을안길,33.5098724,126.5633311,33.5098724,126.5633311,지방도,기타,1
세종특별자치시,상석곡길,36.6586217,127.2577753,36.6594924,127.2595542,시도,고가도로,0.4
제주특별자치도 제주시,이면도로,33.5148322,126.5307768,33.5146335,126.529224,지방도,기타,1
세종특별자치시,전동고가로,36.650289,127.2665654,36.653276,127.2690324,시도,고가도로,0.5
충청남도 국토교통국 도로교통과,645,36.3851927,126.8686809,36.3807265,126.8722964,지방도,터널,0.48
경상남도 김해시,중로 1-9호선,35.2518809,128.9033335,35.24755,128.9112747,시도,급경사,1
세종특별자치시,의당전의로,36.5241063,127.1818333,36.5251978,127.1819213,시도,고갯길,0.4
충청북도 보은군 건설과,군도24호선(삼가재),36.493059,127.8336548,36.489176,127.8771027,군도,상습정체,1
제주특별자치도 제주시,이면도로,33.4867557,126.5053513,33.4867557,126.5053513,지방도,기타,1
제주특별자치도 제주시,도시계획도로,33.5217368,126.5844717,33.5217368,126.5844717,지방도,기타,1
제주특별자치도 제주시,"이면도로, 인도",33.5149993,126.53185,33.5163508,126.5317218,지방도,기타,1
서울특별시 송파구,이면도로,37.4998888,127.1548919,37.4990509,127.1550605,구도,급경사,0.3
서울특별시 강남구,언주로116길~봉은사로43길,37.5112438,127.0386149,37.5118567,127.0390177,구도,기타,0.15
경상남도 김해시,시도6호선,35.2811124,128.8884923,35.3079701,128.9301656,시도,급경사,3
서울특별시 송파구,거마로8길,37.4944178,127.147871,37.4934671,127.1475132,구도,급경사,0.07
제주특별자치도 제주시,이면도로,33.4835694,126.6005151,33.4835694,126.6005151,지방도,기타,1
제주특별자치도 제주시,마을안길,33.495796,126.595236,33.495796,126.595236,지방도,기타,1
제주특별자치도 제주시,도시계획도로,33.5254194,126.5871265,33.5254194,126.5871265,지방도,기타,1
경상남도 김해시,중로 1-4호선,35.2424577,128.9005253,35.2436596,128.9039381,시도,급경사,0.22
제주특별자치도 제주시,이면도로,33.514739,126.5333224,33.5155691,126.5343502,지방도,기타,1
서울특별시 강남구,강남대로140길,37.5139255,127.0205421,37.5140776,127.0214649,구도,기타,0.1
서울특별시 강남구,도산대로 92길,37.5229639,127.0493581,37.5223151,127.0501865,구도,기타,0.2
충청북도 옥천군,리도203,36.3912343,127.5447991,36.3897305,127.5535394,농어촌도로,고갯길,0.7
경상남도 창원시 성산구,성주지하차도,35.200734,128.700108,35.197753,128.705344,시도,지하차도,0.5
경상남도 창원시 성산구,성주고가교,35.202113,128.704458,35.194955,128.698491,시도,급경사,1.2
제주특별자치도 제주시,이면도로,33.5137547,126.5316899,33.5137547,126.5316899,지방도,기타,1
경기도 여주시,국지도88호,37.3992197,127.7090522,37.3994335,127.7126489,지방도,고갯길,1
충청북도 옥천군,리도(203),36.3911813,127.5448167,36.3861942,127.5530803,군도,고갯길,0.7
서울특별시 서초구,사평대로 55길,37.5072549,127.0214553,37.5091817,127.0204967,구도,고갯길,0.21
충청북도 옥천군,도시계획도로,36.2613414,127.6244184,36.2481284,127.6172225,군도,급경사,1.9
서울특별시 양천구,목동중앙북로,37.5461325,126.8749505,37.5461798,126.8740778,구도,급경사,0.06
제주특별자치도 제주시,도시계획도로,33.5171998,126.5889272,33.5171998,126.5889272,지방도,기타,1
제주특별자치도 제주시,마을안길,33.4876795,126.5961877,33.4876795,126.5961877,지방도,기타,1
서울특별시 서초구,원터길,37.4443677,127.0567406,37.4438932,127.056753,구도,고갯길,0.15
서울특별시 도로사업소 남부도로사업소 도로보수과,강남대로,37.5285985,127.0119568,37.5304663,127.0121551,시도,램프,0.2
서울특별시 도로사업소 남부도로사업소 도로보수과,올림픽대로 진입램프,37.5241485,127.0172349,37.524432,127.0164094,시도,램프,0.3
서울특별시 관악구 안전건설교통국 도로관리과,광신길(호암로399),37.4613886,126.9258628,37.4613886,126.9258628,구도,기타,0.01
서울특별시 강남구,테헤란로,37.4986087,127.0278976,37.5032113,127.0414915,구도,기타,2.1
서울특별시 양천구,신목로,37.5179984,126.8746721,37.5177204,126.8757034,구도,급경사,0.3
서울특별시 도로사업소 남부도로사업소,효령로,37.4802856,126.9939644,37.4789465,126.9901592,시도,고갯길,0.5
대전광역시 중구 목동,목중로,36.3378489,127.4077109,36.336491,127.4105586,일반국도,급경사,0.69
제주특별자치도 제주시,마을안길,33.5057514,126.5280358,33.5098257,126.5261382,지방도,기타,1
서울특별시 광진구,자양로50길,37.5518636,127.0925883,37.553142,127.0971451,구도,고갯길,0.4
강원특별자치도 동해시 안전도시국 건설과,동해대로,37.5195806,129.1038144,37.5182993,129.1044112,지방도,급경사,0.2
강원특별자치도 동해시 안전도시국 건설과,동해대로,37.4673116,129.1453396,37.4666628,129.149611,지방도,급경사,0.46
강원특별자치도 동해시 안전도시국 건설과,발한로,37.5576636,129.1042205,37.5539934,129.1040035,지방도,급경사,0.5
강원특별자치도 동해시 안전도시국 건설과,중앙로,37.5152375,129.1043996,37.5158293,129.1061893,지방도,급경사,0.17
강원특별자치도 동해시 안전도시국 건설과,동해대로,37.5054541,129.1038456,37.502781,129.109417,일반국도,상습정체,0.57
강원특별자치도 동해시 안전도시국 건설과,동해대로,37.4770928,129.1140271,37.4767915,129.1179772,지방도,고가도로,0.8
강원특별자치도 동해시 안전도시국 건설과,동해대로,37.4734369,129.1325244,37.4730239,129.1336616,지방도,교차로,0.2
세종특별자치시,취금헌로,36.7099454,127.2055785,36.7095502,127.2078228,시도,고갯길,0.5
세종특별자치시,비암로,36.6011211,127.199956,36.6011722,127.2006489,시도,급커브,1
서울특별시 강남구,학동로45길,37.5163635,127.0378224,37.5167891,127.0378327,구도,기타,0.6
서울특별시 송파구,마천로,37.5057915,127.132202,37.5049889,127.1343629,구도,급경사,0.2
서울특별시 서초구 안전건설교통국 도로과,서초대로53길,37.4967184,127.0140319,37.4959636,127.0145159,구도,급경사,0.06
충청남도 서천군,군도23호,36.0748909,126.7301893,36.0744539,126.7312902,군도,교량,0.1
서울특별시 강남구,영동대로65길,37.5020517,127.0650444,37.5014156,127.0650653,구도,기타,0.1
서울특별시 강남구,논현로123길,37.5119244,127.0308874,37.5122377,127.03131,구도,기타,0.06
서울특별시 강남구,헌릉로,37.4647369,127.1042387,37.4655333,127.0998872,구도,기타,0.7
서울특별시 관악구 안전건설교통국 도로관리과,관악로37길,37.4886365,126.956682,37.4886365,126.956682,구도,기타,0.01
충청남도 서천군,군도6호,36.0450474,126.7391068,36.0448964,126.7403956,군도,교량,0.1
제주특별자치도 제주시,이면도로,33.4978783,126.5363903,33.4978783,126.5363903,지방도,기타,1
통일준비위원회,테스트,36.3223383,127.2516756,36.2632812,127.2206613,농어촌도로,기타,3
충청남도 공주시,"성산1길, 성산3길, 성산4길",36.455893,127.1349826,36.4559957,127.1377113,시도,급경사,1
부산광역시 북구,산성로,35.2425242,129.0230257,35.2509796,129.0426288,일반국도,산악지대,2.3
충청남도 서천군,군도18호,36.028645,126.6678807,36.0297291,126.6691157,군도,교량,0.1
인천광역시 남동구,백범로,37.450029,126.7464283,37.4431244,126.7674607,위임국도,급경사,2.1
인천광역시 남동구,서창남로,37.4360008,126.7351939,37.4357827,126.7408725,구도,고가도로,0.8
제주특별자치도 제주시,마을안길,33.495543,126.557024,33.495543,126.557024,지방도,기타,1
제주특별자치도 제주시,마을안길,33.5088965,126.5647193,33.5088965,126.5647193,지방도,기타,1
국토교통부 부산지방국토관리청 진주국토관리사무소 도로안전운영과,국도2호선,35.1781429,128.2205174,35.1701504,128.2075992,일반국도,고갯길,1.2
제주특별자치도 제주시,이면도로,33.5021879,126.5217601,33.5021879,126.5217601,지방도,기타,1
경상북도 문경시,은성로,36.6121401,128.0226032,36.6041,128.0073,지방도,고갯길,1.7
경상남도 함양군,"마을안길, 인도 등",35.6570578,127.7924386,35.6570578,127.7924386,군도,기타,0
서울특별시 서초구 안전건설교통국 도로과,서초문화예술학교 후문,37.4867094,127.0287803,37.4867094,127.0287803,구도,급경사,0.01
서울특별시 강남구,자곡로,37.466779,127.0929669,37.4741295,127.0940865,구도,기타,1.8
서울특별시 강남구,삼성로112길,37.5143625,127.0528818,37.5153543,127.0534644,구도,기타,0.15
서울특별시 양천구,목동동로,37.5386996,126.8844863,37.5381977,126.8855226,시도,급경사,0.3
경상남도,국지도37호선(남령재),35.7454432,127.684766,35.7498795,127.7063815,지방도,고갯길,2.9
제주특별자치도 제주시,이면도로 ,33.4988307,126.5351198,33.4988307,126.5351198,지방도,기타,1
경상남도 함양군,수동면 상백리 산51-2,35.6107304,127.8090345,35.6009445,127.8140108,군도,기타,0
경상남도 함양군,마을안길,35.5945693,127.7687291,35.5945693,127.7687291,군도,기타,0
제주특별자치도 제주시,이면도로,33.5082517,126.5178091,33.5082517,126.5178091,지방도,기타,1
강원특별자치도 속초시,관광로,38.1818331,128.5283573,38.1769272,128.5291601,시도,고갯길,0.5
서울특별시 송파구,탄천동로,37.5020477,127.0821416,37.5021822,127.0798924,구도,급경사,0.09
경상남도,국도24호(팔령재),35.4676968,127.6367171,35.4789213,127.6803055,위임국도,고갯길,4.3
강원특별자치도 정선군,리도204호,37.2280718,128.6190744,37.2526283,128.5878756,농어촌도로,고갯길,3
강원특별자치도 정선군,군도9호선,37.2772115,128.7421895,37.3147878,128.7789812,군도,고갯길,3
제주특별자치도 제주시,마을안길,33.509867,126.5624562,33.509867,126.5624562,지방도,기타,1
서울특별시 도로사업소 남부도로사업소 도로보수과,삼일대로,37.5420191,127.0016508,37.5383526,127.0042614,일반국도,고가도로,1
서울특별시 도로사업소 남부도로사업소 도로보수과,대방천로,37.5110634,126.8915014,37.5059609,126.8971628,시도,고가도로,1
서울특별시 강남구,논현로135길,37.5155651,127.0296761,37.5156097,127.0291367,구도,기타,0.06
부산광역시 남구,이면도로,35.1427692,129.0680926,35.1427997,129.0683244,지방도,급경사,0.5
제주특별자치도 제주시,인도,33.5075075,126.5195948,33.5075075,126.5195948,지방도,기타,1
제주특별자치도 제주시,이면도로,33.5021709,126.5177046,33.5021709,126.5177046,지방도,기타,1
강원특별자치도 인제군,인제군 북면 용대리 산12-11 일원(군도5호선),38.2198746,128.4082155,38.2171094,128.4365616,군도,고갯길,3.3
경상남도,지방도1023호선(오도재),35.4783184,127.6999518,35.4244397,127.6870474,지방도,고갯길,7.6
서울특별시 도로사업소 남부도로사업소 도로보수과,올림픽대로,37.5170954,126.9219263,37.5179026,126.9177703,시도,램프,0.4
서울특별시 송파구,탄천동로,37.5037963,127.0734901,37.5019196,127.0795954,구도,급경사,0.28
서울특별시 양천구,남부순환로72길,37.5206127,126.8372244,37.5201854,126.8367144,구도,급경사,0.28
충청북도 증평군 건설교통과,군도3호선,36.7923603,127.6227564,36.7943018,127.6275038,군도,고갯길,0.5
서울특별시 송파구,탄천동로,37.508393,127.0709847,37.5056197,127.0716983,구도,급경사,0.13
충청북도 괴산군,군도8호선,36.8111696,127.6634987,36.8052299,127.6942595,군도,고갯길,2.4
경기도 양평군,지방도345호선,37.603078,127.6024225,37.5833184,127.6358889,지방도,고갯길,4.2
제주특별자치도 제주시,이면도로,33.5061571,126.5193723,33.5061571,126.5193723,지방도,기타,1
제주특별자치도 제주시,인도,33.5089815,126.5173856,33.5089815,126.5173856,지방도,기타,1
제주특별자치도 제주시,인도,33.5075075,126.5195948,33.5075075,126.5195948,지방도,기타,1
서울특별시 송파구,탄천동로,37.5021208,127.0797541,37.5006551,127.0858579,구도,급경사,0.36
대구광역시 동구,팔공산로,35.9765679,128.6309887,35.986566,128.620799,특별시도·광역시도,고갯길,2.3
대구광역시 동구,강촌지하차도,35.8768802,128.6621768,35.8772022,128.6619938,구도,지하차도,0.06
서울특별시 관악구,은천로33길(동부센트리빌 주변),37.4868065,126.9521175,37.4868065,126.9521175,구도,기타,0.2
서울특별시 관악구,관악-6,37.4838047,126.9593986,37.4838047,126.9593986,구도,기타,0.2
제주특별자치도 서귀포시,이면도로,33.3215949,126.3510526,33.3215949,126.3510526,지방도,기타,1
제주특별자치도 서귀포시,이면도로,33.3101035,126.3217743,33.3101035,126.3217743,지방도,기타,1
제주특별자치도 서귀포시,이면도로,33.2573842,126.3511455,33.2573842,126.3511455,지방도,기타,1
부산광역시 남구,이면도로,35.1251925,129.1078236,35.1240707,129.1078128,지방도,급경사,0.15
부산광역시 남구,이면도로,35.1224831,129.1077677,35.1231788,129.1064864,지방도,급경사,0.15
울산광역시 울주군,상북면 이천리 854~855,35.5774407,129.0275591,35.5775958,129.0268079,군도,기타,0
서울특별시 관악구 안전건설교통국 도로관리과,청림3다길,37.4897582,126.9584248,37.4897582,126.9584248,구도,기타,0.01
서울특별시 관악구 안전건설교통국 도로관리과,난향5길,37.4614622,126.9156406,37.4615312,126.9158328,구도,기타,0.03
서울특별시 관악구 안전건설교통국 도로관리과,난곡로35길,37.4695115,126.9179862,37.4699075,126.9174652,구도,기타,0.1
대구광역시 동구,팔공로,35.9553952,128.6510995,35.9570898,128.6679996,특별시도·광역시도,고갯길,0.8
제주특별자치도 서귀포시,이면도로,33.4350763,126.910789,33.4350763,126.910789,지방도,기타,1
제주특별자치도 서귀포시,이면도로,33.4216596,126.8450342,33.4216596,126.8450342,지방도,기타,1
제주특별자치도 서귀포시,이면도로,33.3005603,126.7049935,33.3005603,126.7049935,지방도,기타,1
제주특별자치도 서귀포시,이면도로,33.2902074,126.6272612,33.2902074,126.6272612,지방도,기타,1
제주특별자치도 서귀포시,이면도로,33.4385823,126.8729469,33.4385823,126.8729469,지방도,기타,1
서울특별시 관악구,관악-00,37.4584012,126.9270557,37.4613886,126.9258628,시도,기타,0.4
서울특별시 관악구 안전건설교통국 도로관리과,청림5길,37.4917582,126.9595826,37.4917582,126.9595826,구도,기타,0.01
제주특별자치도 제주시,인도,33.5046059,126.5197013,33.5046059,126.5197013,지방도,기타,1
서울특별시 관악구 안전건설교통국 도로관리과,봉천동 1712-11,37.4923737,126.9492138,37.4925332,126.9487847,구도,기타,0.1
제주특별자치도 서귀포시,이면도로,33.2973979,126.649172,33.2973979,126.649172,지방도,기타,1
제주특별자치도 서귀포시,이면도로,33.281211,126.6995256,33.281211,126.6995256,지방도,기타,1
경기도 평택시,도시계획도로,37.0804155,127.0556536,37.0804155,127.0556536,시도,고갯길,0.1
경기도 평택시,도시계획도로,37.0734559,127.0572686,37.0734559,127.0572686,시도,고갯길,0.06
경기도 수원시 팔달구 안전건설과,팔달산로 10,37.2730679,127.0118083,37.2716042,127.0119349,시도,급경사,0.18
서울특별시 관악구 안전건설교통국 도로관리과,성현로 ,37.4913131,126.9511648,37.4913131,126.9511648,구도,기타,0.1
서울특별시 관악구,관악-8,37.4895305,126.9480369,37.4913131,126.9511648,구도,기타,0.15
경기도 수원시 장안구 안전건설과,수일로 138,37.3077759,127.0051498,37.3056943,127.0030187,시도,급경사,0.31
경기도 평택시,도시계획도로,37.0788288,127.0558844,37.0782462,127.0560227,시도,고갯길,0.11
부산광역시 남구,진남로188번길46~진남로166번길71,35.1441042,129.0800998,35.1432868,129.0816591,구도,급경사,0.2
경기도 평택시,도시계획도로,37.073083,127.0587436,37.073083,127.0587436,시도,고갯길,0.1
경기도 평택시,도시계획도로,37.0874159,127.0474666,37.0869298,127.046128,시도,고갯길,0.3
서울특별시 동대문구,답십리로,37.5731779,127.0577708,37.5729695,127.0660818,시도,급경사,0.75
경기도 평택시,도시계획도로,37.0736605,127.0580195,37.0734544,127.0581669,시도,고갯길,0.04
서울특별시 서초구 안전건설교통국 도로과,고무래로,37.5005095,127.0167949,37.5008607,127.0157255,구도,급경사,0.12
서울특별시 서초구 안전건설교통국 도로과,양재대로12길,37.4581539,127.0416193,37.4582769,127.0432739,구도,급경사,0.3
경기도 평택시,도시계획도로,37.0771417,127.0495654,37.0771878,127.0511224,시도,고갯길,0.15
서울특별시 서대문구,백련사길,37.5804214,126.9328896,37.5834187,126.9301654,구도,급경사,0.4
서울특별시 서초구 안전건설교통국 도로과,원터길,37.444086,127.0569396,37.4437253,127.0571726,구도,급경사,0.19
서울특별시 서대문구,통일로34길,37.5863287,126.950156,37.5861083,126.9493538,구도,급경사,0.4
서울특별시 서대문구,통일로48길,37.5955122,126.9405951,37.596041,126.9413892,구도,급경사,0.16
서울특별시 서대문구,통일로20길,37.5805295,126.9537534,37.5805295,126.9537534,구도,급경사,0.21
서울특별시 관악구,문성로(난곡터널 부채도로),37.478183,126.9204611,37.4778112,126.9191224,구도,기타,0.34
제주특별자치도 제주시,이면도로,33.5089757,126.5227805,33.5089757,126.5227805,지방도,기타,1
서울시설공단,염곡ic,37.45972,127.0539239,37.45972,127.0539239,고속도로,급경사,0.45
제주특별자치도 서귀포시,이면도로,33.3011353,126.7680219,33.3011353,126.7680219,지방도,기타,1
경기도 평택시,도시계획도로,37.080279,127.056239,37.0798503,127.0560927,시도,고갯길,0.05
경기도 평택시,도시계획도로,37.0745752,127.0477073,37.0745752,127.0477073,시도,고갯길,0.11
서울특별시 서초구 안전건설교통국 도로과,방배로18길,37.4844379,126.9969816,37.4853305,126.9980433,구도,급경사,0.08
서울특별시 서대문구,연대동문1길,37.569058,126.9447666,37.5701016,126.9437404,구도,급경사,0.2
서울특별시 관악구 안전건설교통국 도로관리과,난향길,37.462877,126.9171003,37.4627302,126.9167359,구도,기타,0.06
서울시설공단,염곡ic,37.4604295,127.0522446,37.4597266,127.0543482,고속도로,급경사,0.3
서울특별시 노원구 안전교통건설국 토목과,월계역 2번출구,37.6344327,127.059113,37.634391,127.0586729,구도,급경사,0.03
서울특별시 관악구 안전건설교통국 도로관리과,남부순환로237길(행운8길 20),37.4812691,126.9615225,37.4806898,126.9609386,구도,기타,0.08
경기도 평택시,도시계획도로,37.0867974,127.0471283,37.0856929,127.0459594,시도,고갯길,0.2
서울특별시 서초구 안전건설교통국 도로과,서초대로64길,37.4933115,127.0215651,37.4955618,127.0206831,구도,급경사,0.28
서울특별시 서초구 안전건설교통국 도로과,명달로,37.4812984,127.0048551,37.4778201,127.006619,구도,급경사,0.45
경기도 평택시,도시계획도로,37.0865821,127.0466957,37.0865821,127.0466957,시도,고갯길,0.07
경기도 평택시,도시계획도로,37.0843262,127.0454293,37.0834477,127.0469546,시도,고갯길,0.19
경기도 평택시,도시계획도로,37.0816001,127.0501354,37.0816001,127.0501354,시도,고갯길,0.09
경기도 평택시,도시계획도로,37.1128727,127.1074646,37.1205016,127.1038508,시도,고갯길,1.3
서울특별시 서대문구,포방터10길,37.5960625,126.9516626,37.6020838,126.95133,구도,급경사,0.2
서울특별시 서대문구,서대문문화체육회관,37.5791753,126.9316595,37.5791753,126.9316595,구도,급경사,0.2
서울특별시 관악구,호암로~광신길(광신고),37.4649694,126.926688,37.4603422,126.9275559,구도,기타,1.04
경기도 평택시,도시계획도로,37.1188767,127.0657863,37.1194152,127.0743088,시도,고갯길,0.8
충청남도 서산시,도시계획도로,36.786746,126.432789,36.787197,126.433544,시도,고갯길,0.3
경기도 김포시,이면도로,37.635507,126.6690379,37.635507,126.6690379,지방도,기타,0.9
경기도 평택시,도시계획도로,37.084532,127.0486978,37.084532,127.0486978,시도,고갯길,0.16
경기도 평택시,진위세월교,37.0979532,127.0953281,37.0968922,127.0960985,시도,교량,0.17
서울특별시 서초구 안전건설교통국 도로과,양재대로12길,37.459163,127.0376905,37.4603041,127.0363516,구도,급경사,0.2
서울특별시 서초구 안전건설교통국 도로과,고무래로,37.5003489,127.0178387,37.4998302,127.0176173,구도,급경사,0.38
서울특별시 서초구 안전건설교통국 도로과,도구로,37.4789321,126.9893744,37.4807172,126.9882182,구도,급경사,0.42
충청남도 서산시 건설도시국 도로과,부춘동행정복지센터-부춘중학교,36.7859599,126.4479193,36.7864043,126.4430614,시도,급경사,500
경기도 평택시,도시계획도로,37.0764682,127.0790154,37.0764682,127.0790154,시도,고갯길,0.02
경기도 평택시,도시계획도로,37.0399483,127.082561,37.0376259,127.0854044,시도,고갯길,0.3
경기도 평택시,도시계획도로,37.025872,127.0846539,37.0272054,127.0845558,시도,고갯길,0.16
경기도 평택시,도시계획도로,37.0334926,127.0988001,37.0332152,127.0993192,시도,고갯길,0.06
경기도 평택시,도시계획도로,37.0846978,127.0834856,37.0835898,127.0824774,시도,고갯길,0.16
경기도 평택시,도시계획도로,37.1373733,127.1113859,37.1373733,127.1113859,시도,고갯길,0.22
서울특별시 서초구 안전건설교통국 도로과,사임당로17길,37.4940889,127.0205584,37.4922552,127.0172817,구도,급경사,0.1
경기도 평택시,도시계획도로,37.0732949,127.04867,37.0732949,127.04867,시도,고갯길,0.09
경기도 평택시,도시계획도로,37.0863515,127.0799962,37.0848866,127.0801065,시도,고갯길,0.22
경기도 평택시,도시계획도로,37.1085365,127.0623649,37.1085365,127.0623649,시도,지하차도,0.04
경기도 평택시,도시계획도로,36.9851547,127.1083182,36.9852589,127.1085956,시도,고갯길,0.06
서울특별시 서초구 안전건설국 도로과,헌릉로(염곡 IC),37.45972,127.0539239,37.45972,127.0539239,시도,고갯길,0.45
서울특별시 서초구 안전건설국 도로과,서래로,37.496869,126.9980347,37.4951855,126.9976423,구도,고갯길,0.22
서울특별시 성북구,동소문로,37.5906905,127.0078347,37.589952,127.0082574,구도,고갯길,0.09
서울특별시 성북구,북악산로,37.6007365,127.014605,37.6016583,127.0152315,구도,고갯길,0.12
서울특별시 성북구,북악산로,37.5998318,127.004551,37.599345,127.0026591,구도,고갯길,0.14
서울특별시 마포구,와우산로30길,37.5544427,126.9301735,37.5532726,126.9298673,구도,급경사,0.13
서울특별시 서대문구,통일로48가길,37.5937558,126.943633,37.5937558,126.943633,구도,급경사,0.1
서울특별시 서대문구,이화여대8길2,37.5586942,126.945907,37.5587345,126.9463407,구도,급경사,0.65
서울특별시 서대문구,홍은중앙로124-1,37.6014858,126.949532,37.6014858,126.949532,구도,급경사,0.87
서울특별시 금천구,범안로16길,37.4657961,126.8949365,37.4657141,126.8942526,구도,급경사,0.09
서울특별시 금천구,독산로36나길,37.4592134,126.9080269,37.4597199,126.9071288,구도,급경사,0.21
서울특별시 금천구,디지털로,37.477591,126.887037,37.475998,126.881487,시도,고가도로,0.48
서울특별시 도봉구,노해로 45길,37.6510265,127.0255524,37.6519682,127.025869,구도,고갯길,0.2
경기도 평택시,도시계획도로,37.1194152,127.0743088,37.1180986,127.0755885,시도,고갯길,0.2
경기도 평택시,도시계획도로,37.0819665,127.0642389,37.0819665,127.0642389,시도,기타,0.23
경기도 평택시,도시계획도로,37.0745484,127.043515,37.0745484,127.043515,시도,고갯길,0.03
경기도 평택시,도시계획도로,37.0172235,127.0422699,37.0172235,127.0422699,시도,고갯길,0.15
서울특별시 성북구,보문사길,37.5818101,127.0177265,37.5805058,127.017376,구도,고갯길,0.19
서울특별시 서대문구,독립문로8길,37.5659374,126.9590242,37.5679126,126.9590172,구도,급경사,0.4
서울특별시 서대문구,정원단지일대(연희로39길12),37.5866528,126.9341932,37.5863126,126.9317797,구도,급경사,0.3
서울특별시 서대문구,연희로36길26(구의회앞),37.5781676,126.9370072,37.5776352,126.9381955,구도,급경사,0.22
서울특별시 서대문구,홍은중앙로174,37.6055315,126.9500686,37.6060666,126.9505872,구도,급경사,0.9
서울특별시 성북구,보문로,37.5934786,127.0210626,37.5928305,127.0217324,구도,고갯길,0.09
서울특별시 서대문구,명지길148,37.5835246,126.9259656,37.5838891,126.926505,구도,급경사,0.7
서울특별시 금천구,범안로16길,37.4652434,126.8951714,37.4652293,126.8946067,구도,급경사,0.07
서울특별시 금천구,호암로,37.4517249,126.9217501,37.4520858,126.9247719,구도,급경사,0.4
경기도 평택시,도시계획도로,37.0840199,127.0596621,37.0840199,127.0596621,시도,고갯길,0.65
서울특별시 노원구 안전교통건설국 토목과,수락산로(상계동 산145-17),37.666827,127.0710343,37.6654482,127.0729484,구도,급경사,0.46
서울특별시 서대문구,연희로41길,37.594641,126.9341764,37.5959239,126.9336611,구도,급경사,0.2
서울특별시 종로구,사직로1길,37.5727089,126.9622307,37.572999,126.9625165,구도,급경사,0.75
경기도 평택시,도시계획도로,37.0858385,127.0670062,37.0858385,127.0670062,시도,고갯길,0.05
경기도 평택시,도시계획도로,37.0766488,127.0564212,37.0766488,127.0564212,시도,고가도로,0.06
서울특별시 도봉구,도봉로 127길,37.6539764,127.0367525,37.6542019,127.0349533,구도,고갯길,0.1
서울특별시 도봉구,노해로48길,37.6502058,127.0299207,37.6502486,127.0301043,구도,고갯길,0.05
서울특별시 도봉구,노해로 45길,37.6504125,127.0270105,37.6506991,127.0266877,구도,고갯길,0.1
경기도 평택시,도시계획도로,37.0786567,127.0654111,37.0786567,127.0654111,시도,고갯길,0.43
경기도 평택시,도시계획도로,37.0744602,127.0436103,37.074705,127.0437438,시도,고갯길,0.03
경기도 평택시,도시계획도로,37.0322135,127.1004949,37.0309053,127.1012296,시도,고갯길,0.7
경기도 평택시,도시계획도로,36.9914926,126.9104001,36.9925549,126.9108763,시도,고갯길,0.12
경기도 평택시,도시계획도로,37.1408536,127.120315,37.1410554,127.1194618,시도,고갯길,0.15
경기도 평택시,도시계획도로,37.1134724,127.0912197,37.1134724,127.0912197,시도,고갯길,0.09
서울특별시 성북구,동소문로,37.5967643,127.0217026,37.5962635,127.0223509,구도,고갯길,0.09
서울특별시 성북구,길음로,37.6104927,127.0151321,37.6125412,127.01441,구도,고갯길,0.27
서울특별시 성북구,성북로,37.5958933,127.008668,37.5958933,127.008668,구도,고갯길,0.11
서울특별시 성북구,화랑로,37.6138864,127.0666844,37.6138864,127.0666844,구도,고갯길,0.05
서울특별시 서대문구,홍은중앙로168,37.6051803,126.9498896,37.6022121,126.94888,구도,급경사,0.42
서울특별시 성북구,정릉로,37.6064425,127.0013882,37.6063525,127.0008948,구도,고갯길,0.04
서울특별시 성북구,보국문로,37.618333,127.0022403,37.6200335,127.0023768,구도,고갯길,0.21
서울특별시 서대문구,북아현로25길,37.5637495,126.9515518,37.5641318,126.9529487,구도,급경사,0.3
경기도 평택시,도시계획도로,37.0027959,127.0742692,37.0027959,127.0742692,시도,지하차도,0.11
경기도 평택시,도시계획도로,37.0004163,127.0920034,37.0005221,127.089309,시도,고갯길,0.5
서울특별시 성북구,장월로,37.6079903,127.0471107,37.6094109,127.0458775,구도,고갯길,0.18
서울특별시 서대문구,명지고등학교(명지2길56),37.5843145,126.9263615,37.5843145,126.9263615,구도,급경사,0.12
서울특별시 서대문구,홍제3동주민센터(세검정로4길32),37.5938437,126.9496902,37.5917663,126.9518693,구도,급경사,0.29
서울특별시 서대문구,세검정로4길,37.5916264,126.9520791,37.5897123,126.9538757,구도,급경사,0.29
서울특별시 도봉구,도봉로11길,37.6494796,127.0299246,37.6495334,127.0301234,구도,고갯길,0.02
서울특별시 도봉구,우이천로 38라길,37.6530841,127.0239227,37.6539707,127.0234213,구도,고갯길,0.1
경기도 평택시,도시계획도로,36.981772,126.9603208,36.981772,126.9603208,시도,고가도로,0.22
경기도 평택시,도시계획도로,37.1163979,127.06449,37.1180986,127.0755885,시도,고갯길,1.1
경기도 평택시 송탄출장소,서정지하차도,37.0665519,127.0532532,37.0665519,127.0532532,시도,지하차도,0.12
경기도 평택시 송탄출장소,광천고가도,37.0456072,127.0558357,37.0456072,127.0558357,시도,고가도로,0.12
경기도 평택시,도시계획도로,36.9813617,127.1017668,36.9813617,127.1017668,시도,지하차도,0.15
경기도 평택시,도시계획도로,36.9881613,127.1159158,36.9881613,127.1159158,시도,지하차도,0.41
경기도 평택시 송탄출장소,야막고가도,37.1231396,127.0630695,37.1231396,127.0630695,시도,고가도로,0.21
경기도 평택시 송탄출장소,목천고가도,37.086871,127.0564932,37.086871,127.0564932,시도,고가도로,0.18
경기도 평택시 송탄출장소,고덕지하차도,37.0505484,127.0437486,37.0505484,127.0437486,시도,지하차도,0.47
서울특별시 서대문구,백련사길,37.5857536,126.9261087,37.5857536,126.9261087,구도,급경사,0.15
서울특별시 서대문구,연희로39나길22,37.5873543,126.9319998,37.5872805,126.9327327,구도,급경사,0.65
서울특별시 마포구,"신촌로20길, 고산2길",37.5543674,126.9382561,37.5537649,126.9394296,구도,급경사,0.16
서울특별시 서대문구,연세로2마길,37.5584786,126.941883,37.5584786,126.941883,구도,급경사,0.13
서울특별시 도봉구,덕릉로 62길 26,37.6401787,127.0413349,37.6411638,127.0406884,구도,고갯길,0.5
경기도 평택시 송탄출장소,중앙지하차도,37.0500282,127.0598998,37.0500282,127.0598998,위임국도,지하차도,0.71
경기도 평택시 송탄출장소,이충지하차도,37.0524278,127.0578065,37.0524278,127.0578065,지방도,지하차도,0.4
경기도 평택시 송탄출장소,서탄지하차도,37.1037249,127.0613451,37.1037249,127.0613451,시도,지하차도,0.22
경기도 평택시 송탄출장소,서정고가도,37.0689831,127.0542462,37.0689831,127.0542462,시도,고가도로,0.43
경기도 평택시 송탄출장소,사리고가도,37.1142249,127.0627475,37.1142249,127.0627475,시도,고가도로,0.28
경기도 평택시 송탄출장소,신장고가도,37.0791321,127.0544652,37.0791321,127.0544652,시도,고가도로,0.18
경기도 평택시 송탄출장소,송탄고가도,37.0961392,127.0604156,37.0961392,127.0604156,시도,고가도로,0.27
서울특별시 서대문구,홍은동 265-286,37.5840655,126.9349248,37.5840655,126.9349248,구도,급경사,0.4
서울특별시 성북구,성북로,37.5940156,127.0015804,37.594451,127.0022068,구도,고갯길,0.09
경기도 평택시,도시계획도로,37.0791685,127.0559761,37.0791685,127.0559761,시도,고갯길,0.2
서울특별시 도봉구,노해로46길,37.6494472,127.029767,37.6495063,127.0301224,구도,고갯길,0.05
서울특별시 도로사업소 강서도로사업소 도로보수과,올림픽대로,37.5644876,126.8593684,37.5663196,126.8580465,시도,램프,460
경기도 평택시,비법정도로,37.0270442,127.1357255,37.0283381,127.1357969,시도,고갯길,0.4
경기도 평택시,도시계획도로,37.0522881,127.0554923,37.0522881,127.0554923,시도,지하차도,0.13
경기도 평택시,도시계획도로,36.994543,127.0793732,36.994543,127.0793732,시도,지하차도,0.3
경기도 평택시,비법정도로,37.0243063,127.142444,37.0222923,127.1501835,시도,고갯길,0.7
경기도 평택시,도시계획도로,37.0057485,127.1296069,37.0121002,127.1306207,시도,고갯길,0.83
경기도 평택시,도시계획도로,36.9934535,127.0824316,36.9934535,127.0824316,시도,지하차도,0.21
경기도 평택시,도시계획도로,37.0245955,127.0408669,37.0245955,127.0408669,시도,지하차도,0.05
경기도 김포시,마을안길,37.7167011,126.5894958,37.7199634,126.5854779,지방도,기타,0.5
서울특별시 성북구,보문로,37.5842978,127.0133346,37.5842978,127.0133346,구도,고갯길,0.24
서울특별시 마포구,성암로7길,37.569203,126.9060556,37.569203,126.9060556,구도,급경사,0.04
서울특별시 도봉구,도봉로121길,37.6523454,127.035016,37.65294,127.0333158,구도,고갯길,0.2
서울특별시 강동구,아리수로,33.5562,127.131,33.5587,127.1441,시도,고갯길,1.2
서울특별시 도봉구,우이천로48길,37.6553579,127.0188512,37.6553579,127.0188512,구도,고갯길,0.05
서울특별시 도로사업소 강서도로사업소 도로보수과,성산대교 남단램프,37.5473631,126.8880303,37.5468552,126.8863783,시도,램프,890
서울특별시 노원구 안전교통건설국 토목과,수락산로(수락산로 터널),37.6680593,127.0644428,37.66848,127.0624503,구도,급경사,0.15
경기도 평택시 송탄출장소,복창고가도,37.072287,127.0546576,37.072287,127.0546576,시도,고가도로,0.02
경기도 김포시,이면도로,37.6193918,126.7098875,37.6205859,126.7113411,지방도,기타,0.23
경기도 김포시,이면도로,37.6176586,126.7144482,37.6180773,126.7146104,지방도,기타,0.09
경기도 김포시,마을안길,37.6073753,126.7809354,37.6073753,126.7809354,지방도,기타,0.08
경기도 김포시,이면도로,37.6074538,126.7106362,37.6074538,126.7106362,지방도,기타,0.47
서울특별시 성북구,종암로,37.5995986,127.0329722,37.6000733,127.0312238,구도,고갯길,0.17
서울특별시 성북구,길음로,37.6039207,127.0204896,37.6047562,127.0196892,구도,고갯길,0.17
서울특별시 성북구,솔샘로,37.6203889,127.0062039,37.6174792,127.006354,구도,고갯길,0.1
서울특별시 도로사업소 서부도로사업소 도로보수과,양화대교 북단램프,37.5471889,126.9071501,37.5464542,126.9101452,특별시도·광역시도,램프,0.76
서울특별시 용산구,효창원로,37.5468181,126.9635252,37.5475098,126.96349,구도,기타,0.15
서울특별시 도로사업소 서부도로사업소 도로보수과,삼일대로,37.5555646,126.9930178,37.5550419,126.99331,특별시도·광역시도,기타,0.12
경기도 평택시 송탄출장소,송탄역진입고가도,37.0745778,127.0552178,37.0746031,127.0529735,시도,고가도로,0.18
전북특별자치도 김제시,봉남로,35.7907395,126.9004235,35.7898092,126.9025208,지방도,교량,0.3
전북특별자치도 장수군,지마재,35.7832678,127.6094042,35.7970281,127.619608,지방도,고갯길,4.5
서울특별시 서대문구,북아현로1나길,37.5589642,126.951433,37.5589642,126.951433,구도,급경사,0.13
서울특별시 광진구,용마산로22길,37.5650352,127.0883493,37.5662806,127.0883138,구도,고갯길,76
서울특별시 서초구 안전건설국 도로과,신반포로,37.5112723,127.019318,37.5114625,127.0195902,구도,지하차도,0.07
서울특별시 성북구,보문사길,37.5841924,127.0174565,37.5846326,127.0180278,구도,고갯길,0.05
서울특별시 성북구,정릉로,37.6064425,127.0013882,37.6063525,127.0008948,구도,고갯길,0.04
서울특별시 서대문구,명지길33,37.5795875,126.9297248,37.578433,126.9307971,구도,급경사,0.17
서울특별시 마포구,"신촌로26길, 고산2길",37.5553802,126.9428029,37.5549057,126.9427638,구도,급경사,0.14
서울특별시 마포구,신수로,37.5498485,126.9343711,37.5497991,126.93522,구도,급경사,0.12
서울특별시 마포구,월드컵북로30길,37.5688915,126.9069497,37.5690153,126.9073382,구도,급경사,0.08
경기도 김포시,마을안길,37.6246908,126.7023423,37.624385,126.7030105,지방도,기타,0.06
경기도 김포시,마을안길,37.62529,126.7041399,37.6248712,126.704654,지방도,기타,0.07
경기도 김포시,마을안길,37.6209904,126.7054027,37.621566,126.7031473,지방도,기타,0.2
서울특별시 종로구,홍지문길,37.6062387,126.9578325,37.6045587,126.9570606,구도,급경사,0.21
서울특별시 마포구,숭문6길,37.5500084,126.947178,37.5495191,126.9480847,구도,급경사,0.08
서울특별시 성북구,정릉로,37.6088841,126.9995572,37.6112664,126.9998302,구도,고갯길,0.17
서울특별시 마포구,환일길 일대,37.5567051,126.9598266,37.5558405,126.960603,구도,급경사,0.14
서울특별시 마포구,삼개로,37.5373529,126.9475609,37.5373529,126.9475609,구도,급경사,0.23
서울특별시 마포구,환일길,37.5515739,126.9621581,37.552519,126.9615119,구도,급경사,0.13
경기도 김포시,이면도로,37.6196314,126.7124257,37.6186309,126.7124425,지방도,기타,0.3
서울특별시 서대문구,서대문구청주변(연희로248),37.5792073,126.9362844,37.5791341,126.9382349,구도,급경사,0.2
서울특별시 성북구,정릉로,37.6064537,126.9987942,37.6059757,126.9968107,구도,고갯길,0.3
서울특별시 강동구,구천면로,37.5491,127.1562,37.5496984,127.1585017,구도,고갯길,0.4
서울특별시 종로구,홍지문길,37.5926417,126.9659835,37.5930106,126.9661914,구도,급경사,0.1
서울특별시 성북구,북악산로,37.606189,126.9874191,37.6017471,127.0003836,구도,고갯길,1.7
서울특별시 마포구,환일길 일대,37.5567051,126.9598266,37.5558405,126.960603,구도,급경사,0.06
서울특별시 마포구,마포대로7길,37.5487618,126.9504591,37.5484453,126.9507497,구도,급경사,0.09
서울특별시 마포구,큰우물로2길,37.5427101,126.941338,37.5427101,126.941338,구도,급경사,0.17
서울특별시 마포구,대흥로24길,37.5545208,126.946656,37.554747,126.9481799,구도,급경사,0.16
경기도 김포시,이면도로,37.6165983,126.7137693,37.6165983,126.7137693,지방도,기타,0.15
서울특별시 마포구,새창로8길,37.5394259,126.9538604,37.5394259,126.9538604,구도,급경사,0.13
서울특별시 광진구,영화사로16가길,37.5544721,127.0947481,37.5540892,127.096337,구도,고갯길,0.17
서울특별시 광진구,자양로52길,37.5534282,127.0951795,37.5536444,127.0954114,구도,고갯길,0.05
서울특별시 도로사업소 강서도로사업소 도로보수과,성산대교 남단,37.5468917,126.8863637,37.5462656,126.8862305,시도,램프,0.2
서울특별시 마포구,마포대로24길,37.5543605,126.9579519,37.5539604,126.9590504,구도,급경사,0.13
경기도 김포시,이면도로,37.603385,126.7166042,37.603385,126.7166042,지방도,기타,0.18
서울특별시 강동구,동남로82길,37.5606783,127.1585698,37.5606446,127.1621289,구도,고갯길,0.12
서울특별시 광진구 교통건설국 도로과,영화사로,37.5526721,127.0995665,37.5530642,127.0986175,구도,급경사,0.08
서울특별시 중구,퇴계로88다길,37.5617659,127.0204622,37.5614652,127.0205946,구도,고갯길,0.04
서울특별시 중구,퇴계로90길,37.5621822,127.02208,37.5621868,127.0228603,구도,고갯길,0.1
서울특별시 중구,동호로17길,37.5555883,127.0065824,37.5554969,127.0073481,구도,고갯길,0.12
서울특별시 중구,중림로2길,37.5588926,126.9636897,37.5577091,126.9634639,구도,급경사,0.17
서울특별시 중구,만리재로37길,37.5570884,126.9660963,37.5568726,126.9653045,구도,급경사,0.13
서울특별시 마포구,월드컵북로,37.5690622,126.9054687,37.5690622,126.9054687,구도,급경사,0.1
서울특별시 마포구,"성미산로5안길, 월드컵북로15안길",37.5611691,126.9104967,37.5623039,126.9106805,구도,급경사,0.2
서울특별시 서대문구,북가좌동360-2(증가로24나길35),37.5822279,126.9154419,37.5817415,126.9155447,구도,급경사,0.1
서울특별시 서대문구,증가로28길,37.5842828,126.9147558,37.5839861,126.9154228,구도,급경사,0.8
서울특별시 서대문구,모래내로28길,37.5858136,126.9467128,37.5858136,126.9467128,구도,급경사,0.6
서울특별시 광진구,능동로55길,37.5681695,127.0853111,37.5681369,127.0851842,구도,고갯길,0.06
서울특별시 도로사업소 동부도로사업소,"아천IC B,C,D,G램프",37.5716663,127.1294475,37.5742777,127.1286142,시도,램프,1.1
경기도 김포시,이면도로,37.6080778,126.7221101,37.6080778,126.7221101,지방도,기타,0.19
서울특별시 종로구,지봉로11길,37.5768759,127.0135632,37.5769861,127.0152315,구도,급경사,0.07
서울특별시 종로구,평창4길,37.608827,126.9628385,37.6097173,126.9631047,구도,급경사,0.09
서울특별시 서초구 안전건설국 도로과,헌릉로(염곡 IC),37.4604295,127.0522446,37.4604295,127.0522446,시도,고갯길,0.03
국토교통부 서울지방국토관리청 의정부국토관리사무소 도로안전운영과,47호선,37.9666565,127.3144482,37.9665386,127.3144079,일반국도,기타,4
서울특별시 용산구,독서당로,37.5355183,127.0110993,37.5356523,127.0108529,구도,기타,0.08
서울특별시 도로사업소 동부도로사업소,올림픽대교 남단 PH3,37.531194,127.1106264,37.5323423,127.1103405,시도,램프,0.14
경기도 김포시,이면도로,37.6094026,126.7154434,37.6094026,126.7154434,지방도,기타,0.43
서울특별시 서대문구,외국어학교진입로(연희로22길),37.5708648,126.9345143,37.5708648,126.9345143,구도,급경사,0.18
서울특별시 광진구,아차산로78길,37.5497388,127.1096864,37.5495803,127.110025,구도,고갯길,0.14
서울특별시 광진구 교통건설국,능동로 59길,37.5688076,127.0845713,37.5688206,127.0856569,구도,급경사,0.05
경기도 김포시,이면도로,37.6006003,126.7188515,37.6006003,126.7188515,지방도,기타,0.11
서울특별시 중구,동호로25가길,37.5597042,127.0007342,37.5584641,127.0015713,구도,급경사,0.2
서울특별시 중구,동호로11나길,37.5529306,127.0045306,37.552617,127.0052199,구도,고갯길,0.14
서울특별시 강동구,구천면로,37.5497372,127.1589276,37.5502599,127.1610948,구도,고갯길,0.17
서울특별시 서초구 안전건설국 도로과,양재천 우안도로,37.4684008,127.0302942,37.4734621,127.0357497,시도,지하차도,0.35
서울특별시 도로사업소 강서도로사업소 도로보수과,성상대교 남단,37.5467473,126.8876515,37.546072,126.8869757,시도,램프,0.2
서울특별시 광진구 교통건설국 도로과,능동로 32길,37.5538977,127.0791533,37.5537204,127.0790533,구도,급경사,0.05
서울특별시 중구,동호로25가길,37.5587736,127.0024269,37.5585408,127.0022172,구도,고갯길,0.05
서울특별시 광진구 교통건설국,용마산로28다길,37.5677586,127.0890297,37.568053,127.089341,구도,급경사,0.07
서울특별시 마포구,효창목4길,37.5473239,126.9593874,37.5478376,126.9599331,구도,급경사,0.26
서울특별시 마포구,신수로,37.5438961,126.9340995,37.544217,126.934318,구도,급경사,0.04
서울특별시 도로사업소 강서도로사업소 도로보수과,구로ic,37.4858776,126.8773684,37.4860646,126.8795927,시도,램프,0.15
서울특별시 종로구,창덕궁길,37.583377,126.9853829,37.5831356,126.9890296,구도,급경사,0.3
서울특별시 광진구 교통건설국 도로과,광장로,37.5440023,127.097383,37.5439343,127.0990287,구도,급경사,0.2
서울특별시 광진구 교통건설국 도로과,아차산로 73길,37.5459472,127.1044566,37.5458145,127.1047116,구도,급경사,30
서울특별시 중구,동호로17길 133,37.5531862,127.0045921,37.5530684,127.004938,구도,고갯길,0.06
서울특별시 광진구 교통건설국,광장로,37.5445232,127.0982457,37.5445232,127.0982457,구도,급경사,0.2
서울특별시 도로사업소 동부도로사업소,"아천IC E,H램프",37.5718284,127.1255626,37.5736847,127.12788,시도,램프,1.02
서울특별시 중구,만리재로21길,37.5528523,126.963224,37.5530638,126.9631788,구도,고갯길,0.06
서울특별시 중구,동호로11라길,37.5519119,127.0050894,37.551401,127.0046129,구도,고갯길,0.07
서울특별시 중구,동호로11마길,37.5510259,127.0061742,37.550718,127.0048096,구도,고갯길,0.2
서울특별시 마포구,성산로4길,37.5637867,126.9084722,37.5637867,126.9084722,구도,급경사,0.08
서울특별시 성북구,길음로,37.6046333,127.0198631,37.6057469,127.0218948,구도,고갯길,0.19
서울특별시 성북구,정릉로,37.6015882,127.0245217,37.6009968,127.0247241,구도,고갯길,0.17
서울특별시 서대문구,통일로48나길,37.5644718,126.9636418,37.5644718,126.9636418,구도,급경사,0.27
서울특별시 서대문구,연세로4길,37.5570506,126.9370892,37.5570506,126.9370892,구도,급경사,0.94
서울특별시 성북구,삼선교로16길,37.5823272,127.0114689,37.5823272,127.0114689,구도,고갯길,0.09
서울특별시 성북구,성북로31길,37.5950229,126.9900728,37.5917249,126.9897174,구도,고갯길,0.64
서울특별시 강동구,성안로31길,37.5404581,127.136479,37.5407059,127.1353969,구도,고갯길,0.16
서울특별시 광진구,영화사로9가길,37.5561333,127.094986,37.5564521,127.094663,구도,고갯길,0.07
서울특별시 광진구,자양로39길,37.5491246,127.0884125,37.5493395,127.0880822,구도,고갯길,0.06
서울특별시 종로구,명륜길,37.5908194,126.9930491,37.5911656,126.9927688,구도,급경사,0.06
서울특별시 종로구,홍지문길,37.5999633,126.9573442,37.6010479,126.9565924,구도,급경사,0.13
서울특별시 노원구 안전교통건설국 토목과,월계어린이공원,37.6202268,127.0610928,37.6206276,127.062717,구도,급경사,0.17
서울특별시 용산구,두텁바위로69길,37.5516266,126.9807732,37.5508041,126.9798002,구도,기타,0.12
서울특별시 종로구,율곡로19길,37.576324,127.0062284,37.5772543,127.0073943,구도,급경사,0.17
서울특별시 마포구,백범로25길,37.5501665,126.9481473,37.5501665,126.9481473,구도,급경사,0.1
서울특별시 광진구 교통건설국 도로과,자양번영로8길,37.5342897,127.0762597,37.5344736,127.0763253,구도,급경사,0.02
서울특별시 중구,동호로17길,37.5531862,127.0045921,37.5530684,127.004938,구도,고갯길,0.06
서울특별시 중구,동호로5길,37.5518963,127.0124087,37.5505502,127.0125294,구도,고갯길,0.15
서울특별시 중구,동호로15길,37.5540676,127.0075325,37.5540936,127.0064944,구도,고갯길,0.12
서울특별시 중구,동호로11바길,37.5505177,127.0062966,37.5501628,127.0059191,구도,급경사,0.04
서울특별시 종로구,평창11길,37.6096228,126.966382,37.6103124,126.966961,구도,급경사,0.08
서울특별시 종로구,자하문로35길,37.5891362,126.9677196,37.5881418,126.9691429,구도,급경사,0.48
서울특별시 재난안전실 도로기획관 도로시설과,동부간선도로,37.4918263,127.0977945,37.4901575,127.1041937,시도,램프,0.47
서울특별시 도로사업소 강서도로사업소 도로보수과,성산대교 북단램프,37.5581511,126.8947748,37.5572037,126.8946573,시도,램프,520
서울특별시 서대문구,통일로39길일대(통일로39다길23-1~109),37.5865628,126.9421476,37.5865628,126.9421476,구도,급경사,0.2
서울특별시 성북구,정릉로,37.6001602,127.0245164,37.5989685,127.0224474,구도,고갯길,0.43
서울특별시 서대문구,문화촌길,37.5927308,126.9476885,37.5927308,126.9476885,구도,급경사,0.37
서울특별시 성북구,솔샘로5길,37.6111107,127.0012766,37.6114017,127.000886,구도,고갯길,0.07
서울특별시 중구,필동로8길,37.5564233,126.9934691,37.5559971,126.993329,구도,고갯길,0.06
서울특별시 중구,동호로17다길,37.5541402,127.0053972,37.5537683,127.0052791,구도,급경사,0.07
서울특별시 중구,동호로8길,37.5537671,127.0124206,37.5530676,127.0139511,구도,고갯길,0.15
서울특별시 중구,다산로44길,37.5649119,127.0222834,37.5646855,127.0236179,구도,고갯길,0.14
서울특별시 종로구,지봉로,37.5779085,127.015008,37.5785413,127.0127767,시도,급경사,0.06
서울특별시 중구,소공로6가길,37.5584542,126.9839215,37.5572954,126.9842829,구도,고갯길,0.14
서울특별시 종로구,창의문로9길,37.5922478,126.9617471,37.5923865,126.9613919,구도,급경사,0.07
서울특별시 용산구,장문로,37.5282411,127.0057504,37.5281302,127.0047191,구도,기타,0.1
서울특별시 성북구,정릉로24길,37.6044273,127.0087605,37.6044273,127.0087605,구도,고갯길,0.07
서울특별시 광진구,용마산로22길,37.5633933,127.0872267,37.5635782,127.0884449,구도,고갯길,0.26
서울특별시 광진구,영화사로13길,37.5548513,127.0936575,37.555933,127.0952675,구도,고갯길,0.22
서울특별시 노원구 안전교통건설국 토목과,덕릉고개,37.6749813,127.0864869,37.6774043,127.092032,구도,고갯길,0.8
서울특별시 중구,난계로10길,37.5631277,127.02426,37.5631141,127.0257418,구도,고갯길,0.1
서울특별시 중구,동호로17가길,37.5562074,127.0074596,37.5554969,127.0073481,구도,고갯길,0.09
서울특별시 종로구,자하문로35길,37.5884211,126.9679726,37.5886348,126.9685066,구도,급경사,0.12
서울특별시 종로구,홍지문2길,37.6010479,126.9565924,37.6009995,126.9559498,구도,급경사,0.61
서울특별시 용산구,효창원로13길,37.5359661,126.9529781,37.5361229,126.950934,구도,기타,0.2
서울특별시 중구,동호로17다길,37.5542687,127.0051922,37.5537396,127.0051066,구도,급경사,0.08
서울특별시 마포구,신수로,37.5498485,126.9343711,37.5497991,126.93522,구도,급경사,0.12
서울특별시 중구,다산로4길,37.5496477,127.0076797,37.5496789,127.0081027,구도,고갯길,0.06
서울특별시 종로구,백석동길,37.5974244,126.9637461,37.5978729,126.9670069,구도,급경사,0.18
서울특별시 종로구,북악산로,37.6010953,126.9777443,37.5998015,126.9746475,시도,급경사,0.5
서울특별시 노원구 안전교통건설국 토목과,월계로44가길(숲속의집),37.6236816,127.0537696,37.6250894,127.05591,구도,급경사,0.21
서울특별시 종로구,자하문로41길,37.5971226,126.9617785,37.5967688,126.9615674,구도,급경사,0.7
서울특별시 종로구,진흥로 22길,37.6062016,126.9575755,37.59975,126.9571553,구도,급경사,0.13
서울특별시 종로구,북악산로,37.6029753,126.982122,37.604892,126.9851331,시도,급경사,1.3
서울특별시 노원구 안전교통건설국 토목과,재현중학교 앞,37.661171,127.0798273,37.6606998,127.0781777,구도,급경사,0.15
서울특별시 노원구 안전교통건설국 토목과,상계요양원,37.6745008,127.0613749,37.6740995,127.0611698,구도,급경사,0.06
서울특별시 마포구,서강로1길,37.5488032,126.9309282,37.5491891,126.9292688,구도,급경사,0.13
서울특별시 종로구,북악산로~인왕산로,37.5801152,126.9620359,37.58407,126.9628394,시도,산악지대,0.86
서울특별시 종로구,와룡공원길,37.5871691,126.9859579,37.5911823,126.9901189,구도,급경사,0.5
서울특별시 중구,동호로5길,37.5505502,127.0125294,37.5505502,127.0125294,구도,고갯길,0.15
서울특별시 종로구,북악산로,37.5931145,126.9668012,37.5941795,126.9679104,시도,급경사,0.2
서울특별시 종로구,창의문로5길,37.5910589,126.963825,37.591666,126.9636225,구도,급경사,0.04
서울특별시 종로구,율곡로19길,37.576504,127.0062307,37.5767965,127.0075287,구도,급경사,0.07
서울특별시 종로구,창신길,37.5791878,127.0100275,37.5782369,127.0090684,구도,급경사,0.13
서울특별시 노원구 안전교통건설국 토목과,수락산로(상계금호타운아파트),37.6677767,127.0673313,37.6674925,127.0700451,구도,급경사,0.12
서울특별시 종로구,사직로1다길,37.5738158,126.9626493,37.5740058,126.9629342,구도,급경사,0.95
서울특별시 노원구 안전교통건설국 토목과,불암현대아파트,37.6684222,127.0817254,37.6668573,127.0809195,구도,급경사,0.38
부산광역시 영도구,남항새싹길,35.0851144,129.0425661,35.0831329,129.0428333,지방도,급경사,1
서울특별시 종로구,성균관로13길,37.5904669,126.9959087,37.5903757,126.996664,구도,급경사,0.08
서울특별시 종로구,자하문로 35길,37.5909236,126.9665579,37.5921547,126.9670599,구도,급경사,0.28
서울특별시 종로구,자하문로36길,37.5902553,126.9677968,37.5901478,126.9666782,구도,급경사,0.07
서울특별시 종로구,평창14길,37.6096925,126.9674004,37.6103195,126.9675854,구도,급경사,0.06
서울특별시 종로구,동숭4길,37.5844117,127.0055334,37.5850762,127.0055461,구도,급커브,0.08
서울특별시 종로구,낙산길,37.5805361,127.0048773,37.5803248,127.0064161,구도,급경사,0.07
서울특별시 종로구,동숭4라길,37.5834906,127.0058142,37.5831212,127.0061822,구도,급경사,0.13
부산광역시 영도구,하나길,35.0914664,129.0461462,35.091655,129.0490917,지방도,급경사,1
서울특별시 종로구,인왕산로,37.5801152,126.9620359,37.5766659,126.9634638,시도,급경사,0.7
부산광역시 해운대구,해운대로61번길,35.1903306,129.1207536,35.1886479,129.1212672,지방도,급경사,1.1
서울특별시 종로구,낙산길,37.5812703,127.0124,37.5818803,127.0151427,구도,급경사,0.3
서울특별시 재난안전실 도로기획관 도로시설과,동부간선도로,37.5329129,127.0617054,37.5310071,127.0642256,시도,고가도로,0.2
서울특별시 재난안전실 도로기획관 도로시설과,동부간선도로,37.5310071,127.0642256,37.5312324,127.0643189,시도,고가도로,0.34
서울특별시 노원구 안전교통건설국 토목과,염불사,37.6820882,127.058015,37.683369,127.0643126,구도,산악지대,0.63
서울특별시 노원구 안전교통건설국 토목과,광운로17길(기원사),37.6228211,127.0561922,37.6223205,127.0572305,구도,급경사,0.1
인천광역시 중구,우회고가,37.4730625,126.6165646,37.4847061,126.6194919,구도,교량,1.4
부산광역시 영도구,하나길,35.0877018,129.04395,35.0872362,129.0463963,지방도,급경사,1
부산광역시 영도구,하나길,35.0885702,129.0447347,35.0885028,129.0471424,지방도,급경사,1
부산광역시 해운대구,청사포로,35.164509,129.1814703,35.160739,129.192725,지방도,급경사,1.3
부산광역시 영도구,동삼남로,35.0774368,129.0708079,35.0774854,129.0669137,지방도,급경사,1
서울특별시 노원구 안전교통건설국 토목과,덕암초,37.6658725,127.0787626,37.6668364,127.0808705,구도,급경사,0.23
서울특별시 노원구 안전교통건설국 토목과,월계2차한일아파트,37.6207756,127.0612866,37.6206707,127.0624559,구도,급경사,0.18
부산광역시 영도구,일산봉로,35.09042,129.0654512,35.084681,129.0651849,지방도,급경사,1
부산광역시 영도구,청학동로,35.0940494,129.0645705,35.0891725,129.0612031,지방도,급경사,1
부산광역시 해운대구,신반송로,35.229603,129.1566904,35.226447,129.1637469,지방도,급경사,0.6
부산광역시 영도구,와치로,35.0792371,129.0701962,35.0807618,129.0667961,지방도,급경사,1
서울특별시 재난안전실 도로기획관 도로시설과,동부간선도로,37.531047,127.0645079,37.530817,127.0657243,시도,고가도로,0.12
서울특별시 재난안전실 도로기획관 도로시설과,내부순환로,37.5647931,126.9083794,37.5638996,126.9049689,시도,램프,0.47
서울특별시 재난안전실 도로기획관 도로시설과,동부간선도로,37.6831145,127.0522513,37.6855302,127.0524887,시도,지하차도,0.5
서울특별시 중랑구,겸재로,37.5874026,127.0901294,37.5881207,127.0900666,구도,기타,0.1
서울특별시 중랑구,면목로,37.5814223,127.0884073,37.5814223,127.0884073,구도,기타,0.01
부산광역시 영도구,태종로,35.0967291,129.0611154,35.0899182,129.0673515,지방도,급경사,1
부산광역시 영도구,함지로,35.0842852,129.0624453,35.0738388,129.0653298,지방도,급경사,1
부산광역시 영도구,중리북로,35.0736951,129.0648898,35.0712201,129.0664515,지방도,급경사,1
부산광역시 영도구,본산로,35.0678292,129.080625,35.0666926,129.0777972,지방도,급경사,1
서울특별시 재난안전실 도로기획관 도로시설과,언주로,37.4593461,127.075336,37.4591912,127.0807272,시도,램프,0.36
인천광역시 남동구,무네미로,37.4525419,126.7474241,37.4451744,126.7441262,특별시도·광역시도,고가도로,2.1
부산광역시 영도구,해양로,35.0712688,129.0796942,35.0721969,129.0783846,지방도,급경사,1
부산광역시 영도구,봉래언덕길,35.0940308,129.0474901,35.0930239,129.0500607,지방도,급경사,1
부산광역시 영도구,와치로,35.085978,129.0663379,35.0875577,129.0604176,지방도,급경사,1
부산광역시 영도구,와치로,35.0757706,129.0631976,35.0753848,129.0684501,지방도,급경사,1
부산광역시 영도구,동삼로,35.0831368,129.0689457,35.0836883,129.0714716,지방도,급경사,1
부산광역시 영도구,태종로,35.0791335,129.0705002,35.0783109,129.073296,지방도,급경사,1
부산광역시 영도구,함지로,35.0736951,129.0648898,35.0760288,129.0654056,지방도,급경사,1
서울특별시 재난안전실 도로기획관 도로시설과,언주로,37.479986,127.0550919,37.4743047,127.0604157,시도,지하차도,0.13
부산광역시 영도구,절영로,35.0722977,129.074686,35.073327,129.0725795,지방도,급경사,1
서울특별시 재난안전실 도로기획관 도로시설과,동부간선도로,37.5006934,127.0788898,37.4983855,127.082891,시도,램프,0.36
서울특별시 재난안전실 도로기획관 도로시설과,동부간선도로,37.5125026,127.0678442,37.51606,127.0673794,시도,램프,0.33
부산광역시 영도구,태종로,35.0855347,129.0756762,35.0843309,129.0741768,지방도,급경사,1
인천광역시 남동구,덕골로,37.4298742,126.7239446,37.4314058,126.7262669,구도,급경사,0.2
서울특별시 중랑구,용마산로86길,37.5865138,127.0954229,37.5862816,127.0960131,구도,기타,0.11
서울특별시 재난안전실 도로기획관 도로시설과,내부순환로,37.5887244,126.9371131,37.5894792,126.9378463,시도,램프,0.49
서울특별시 재난안전실 도로기획관 도로시설과,동부간선도로,37.6148659,127.0684017,37.6131253,127.0706332,시도,램프,0.17
서울특별시 재난안전실 도로기획관 도로시설과,내부순환로,37.5660859,127.0470639,37.5627312,127.0493534,시도,램프,0.7
서울특별시 중랑구,면목로,37.5832211,127.0930157,37.5831721,127.0934723,구도,기타,0.04
서울특별시 재난안전실 도로기획관 도로시설과,강남순환로,37.4372533,126.9000676,37.4383646,126.9014898,시도,램프,0.28
서울특별시 재난안전실 도로기획관 도로시설과,양재대로,37.4849783,127.0736139,37.4875877,127.0782373,시도,지하차도,0.16
서울특별시 재난안전실 도로기획관 도로시설과,고속국도1호선,37.5138612,127.0157789,37.5196719,127.0187515,시도,램프,0.5
대구광역시 달성군 건설과,군도1호선,35.6949125,128.4384751,35.6639517,128.4128292,군도,고갯길,18
대구광역시 달성군 건설과,군도3호선,35.7884703,128.4715804,35.7468066,128.5260129,군도,기타,6.8
대구광역시 달성군 건설과,군도4호선,35.6973481,128.4831968,35.7132363,128.5114578,군도,고갯길,3.4
대구광역시 달성군 건설과,면도101호선,35.6881088,128.4741744,35.702413,128.4932698,농어촌도로,고갯길,6
대구광역시 달성군 건설과,군도8호선,35.7978316,128.6228023,35.7290009,128.5595345,군도,고갯길,13
인천광역시 동구,화도진로,37.4813037,126.6293703,37.4833468,126.6296029,구도,고갯길,0.25
충청남도 천안시,노태산로,36.8387795,127.1308436,36.8342036,127.1275888,지방도,기타,0.4
인천광역시 동구,솔빛로,37.4766443,126.6403204,37.476724,126.638483,구도,고갯길,0.4
서울특별시 중랑구,용마산로,37.5813737,127.093142,37.5811069,127.0926428,구도,기타,0.08
서울특별시 재난안전실 도로기획관 도로시설과,동부간선도로,37.6186527,127.0702168,37.6175915,127.0699716,시도,램프,0.35
서울특별시 재난안전실 도로기획관 도로시설과,강남순환로,37.4384457,126.8983111,37.4417196,126.897609,시도,램프,0.57
서울특별시 재난안전실 도로기획관 도로시설과,강남순환로,37.4599454,127.0316046,37.460091,127.0279522,시도,램프,0.45
강원특별자치도 삼척시,국도7호선,37.4574515,129.164004,37.4565205,129.1669843,위임국도,고갯길,0.3
서울특별시 도로사업소 동부도로사업소,천호대교 남단램프,37.5403511,127.1202855,37.5420312,127.1194709,시도,램프,0.2
대구광역시 달성군 건설과,군도 10호선,35.7563264,128.4933886,35.73012,128.4637341,군도,고갯길,6.3
대구광역시 달성군 건설과,군도12호선,35.6473232,128.4539253,35.6448088,128.4788391,군도,기타,2.4
대구광역시 달성군 건설과,군도14호선,35.8805444,128.4591607,35.8999205,128.4458906,군도,고갯길,3
대구광역시 달성군 건설과,다사고~서재문화체육센터,35.8619397,128.4631604,35.8842958,128.5039253,군도,기타,7
대구광역시 달성군 건설과,최정산도로,35.7504411,128.6267157,35.7618445,128.6011391,지방도,고갯길,7
인천광역시 동구,제물량로,37.481753,126.6218892,37.479712,126.6200542,구도,고가도로,2
서울특별시 중랑구,용마산로40길,37.571712,127.0877838,37.5716527,127.0866737,구도,기타,0.13
서울특별시 중랑구,상봉중앙로8길,37.601952,127.0887522,37.6021492,127.0891069,구도,기타,0.04
서울특별시 중랑구,봉화산로45길,37.6045986,127.0900154,37.6050662,127.0888758,구도,기타,0.14
서울특별시 중랑구,동일로126가길,37.5983035,127.0829568,37.5987335,127.0830035,구도,기타,0.05
서울특별시 도로사업소 동부도로사업소,"암사IC A,B,F,G 램프",37.564626,127.1357143,37.5672083,127.1333343,시도,램프,1.8
서울특별시 중랑구,사가정로72길,37.5803413,127.0941417,37.5793703,127.0951171,구도,기타,0.15
서울특별시 중랑구,용마산로58길,37.5775084,127.0932213,37.5792919,127.0921857,구도,기타,0.23
서울특별시 노원구 안전교통건설국 토목과,덕릉로122길(쌈지공원),37.6690631,127.0803865,37.668542,127.0816232,구도,급경사,0.13
서울특별시 강동구,풍성로,37.5265,127.1447,37.5258,127.1472,구도,고갯길,0.3
서울특별시 강동구,천중로,37.5445,127.1328,37.5411,127.1372,구도,고갯길,0.6
울산광역시 남구,수암로,35.5322537,129.3085955,35.5170614,129.3409832,시도,고갯길,3.6
서울특별시 강북구,인수봉로,37.6289973,127.0152898,37.6295306,127.0132722,구도,고갯길,0.2
부산광역시 수영구,백산허리길,35.164935,129.1260657,35.1606625,129.1292058,지방도,고갯길,0.6
서울특별시 노원구 안전교통건설국 토목과,초안산로,37.6409992,127.0532335,37.6384016,127.0526849,구도,급경사,0.24
서울특별시 도로사업소 동부도로사업소,올림픽대교 남단 PH2,37.5297529,127.1086576,37.5321382,127.1059973,시도,램프,9.2
부산광역시 수영구,부산여상고갯길,35.170229,129.096365,35.170337,129.097204,지방도,고갯길,0.1
강원특별자치도 춘천시,군도3호선,37.78798,127.684916,37.781626,127.678893,군도,고갯길,1
대구광역시 서구,새방지하차도,35.8683666,128.5302819,35.8684857,128.531266,특별시도·광역시도,지하차도,0.08
서울특별시 서대문구,홍은중앙로1길,37.5969947,126.9450776,37.5965505,126.9456342,구도,급경사,0.14
서울특별시 강서구,곰달래로35길,37.5361656,126.8532516,37.5369578,126.8537774,구도,급경사,0.13
서울특별시 강서구,곰달래로35길,37.5359636,126.8535988,37.5360133,126.8541656,구도,급경사,0.05
서울특별시 강서구,개화10길,37.5865111,126.8018425,37.5866155,126.8012127,구도,급경사,0.08
경상남도 김해시,대로 2-1-5호선,35.2603848,128.8672984,35.2662526,128.8752712,시도,급경사,0.6
경상남도 김해시,중로 1-7호선,35.2428692,128.9085228,35.2389926,128.9164429,시도,급경사,0.7
경상남도 김해시,중로 2-64,35.2714896,128.8927605,35.2536058,128.9023073,시도,급경사,1.2
경상남도 김해시,지방도 1020호선,35.1807345,128.7817872,35.1826191,128.7667834,지방도,급경사,0.5
경상남도 창원시 마산회원구,소로3류(119-4),35.218826,128.5630083,35.218826,128.5630083,시도,기타,0.6
울산광역시 북구,구도2호선,35.652046,129.359155,35.666785,129.374981,일반국도,고갯길,4
경상남도 김해시,지방도1020호선,35.2043426,128.8204368,35.1823672,128.7590251,지방도,급경사,7.67
국토교통부 부산지방국토관리청 진영국토관리사무소,경남대로(국도5호선),35.2072909,128.5132549,35.1940908,128.5282041,일반국도,터널,4
강원도 홍천군 건설안전국 건설과,구만고개,37.7231098,127.7262721,37.7184459,127.7354286,군도,고갯길,1
강원도 홍천군 건설안전국 도시교통과,홍천읍 희망리,37.6961741,127.8781125,37.7040874,127.8537173,군도,고갯길,2
대구광역시 남구,현충로,35.8326659,128.5798436,35.8369251,128.5796754,지방도,기타,0.5
광주광역시 남구,봉선로,35.119672,126.9178983,35.117621,126.9188482,지방도,터널,0.5
부산광역시 서구,해돋이로169번길,35.0927169,129.0185394,35.091203,129.0190549,지방도,급경사,0.2
경상북도 안동시 도시건설국 도로철도과,리도206,36.7821447,128.7750312,36.7810535,128.7795335,농어촌도로,고갯길,0.9
경기도 용인시 처인구 도로과,국지도98호,37.2608962,127.269916,37.2708893,127.2913219,지방도,급커브,0.5
경상북도 안동시 도시건설국 도로철도과,지방도914,36.5261281,128.5032167,36.5133309,128.5058619,지방도,고갯길,2.2
세종특별자치시,소정구길,36.7058632,127.1497564,36.7079909,127.1526488,시도,고가도로,0.3
세종특별자치시,의당전의로,36.6794305,127.1955587,36.6815635,127.1947531,시도,고가도로,0.38
세종특별자치시,한누리대로,36.4792943,127.2626802,36.4722805,127.2685627,시도,교량,0.88
경상북도 안동시 도시건설국 도로철도과,군도31,36.5032527,128.5904975,36.5015033,128.5970613,군도,고갯길,0.15
국토교통부 대전지방국토관리청 예산국토관리사무소 도로안전운영과,대곡리고개,36.7081592,126.5517325,36.6669234,126.5883766,일반국도,기타,6
부산광역시 북구,함박봉로,35.2054344,129.0311822,35.210535,129.019993,일반국도,고갯길,0.7
강원특별자치도 양양군,군도 6호선,37.9615786,128.7200261,37.9456227,128.7124166,군도,고갯길,1.5
경상북도 안동시 도시건설국 도로철도과,면도101호선,36.3838399,128.8906457,36.3780406,128.9081502,농어촌도로,고갯길,2.4
세종특별자치시,전동로,36.6761857,127.2662357,36.6890707,127.2695068,시도,고갯길,2.5
세종특별자치시,금이로,36.6274622,127.2181283,36.6258343,127.2293679,시도,고갯길,1.2
서울특별시 금천구,탑골로,37.453339,126.917344,37.452483,126.920632,구도,고갯길,2.4
서울특별시 금천구,시흥대로153길,37.47581,126.89303,37.47695,126.89846,구도,고갯길,0.51
서울특별시 금천구,시흥대로,37.434114,126.903342,37.448506,126.903109,시도,고갯길,0.5
세종특별자치시,왕의물로,36.7128583,127.2113018,36.71786,127.2120739,시도,고갯길,0.4
서울특별시 도로사업소 성동도로사업소 도로보수과,동부간선도로,37.543177,127.0301786,37.5418814,127.0307553,특별시도·광역시도,램프,0.7
경상남도 창원시 성산구,토월지하차도,35.233082,128.69357,35.227297,128.697123,시도,지하차도,0.5
경상남도 창원시 성산구,마진고개길,35.188505,128.638706,35.18357,128.649112,시도,급경사,1.1
강원특별자치도 양양군,군도3호선,38.1065662,128.6028687,38.1051057,128.6025988,군도,고갯길,1
국토교통부 부산지방국토관리청 진영국토관리사무소,만화고개(국도14호선),35.2539915,129.1984675,35.2481126,129.1839622,위임국도,급경사,1.5
서울특별시 관악구,인헌길(인헌길123),37.4702572,126.9680176,37.4699404,126.9670732,구도,기타,0.32
서울특별시 강남구,봉은사로,37.5069254,127.0337366,37.5043865,127.0250716,시도,고갯길,0.9
서울특별시 관악구,난곡로26길(난곡로26마길),37.4683366,126.9247244,19.6925858,117.9916089,구도,기타,0.33
서울특별시 관악구,봉천로21길(봉천로297),37.4869445,126.9339766,37.4878116,126.934318,구도,기타,0.11
서울특별시 관악구,낙성대역길(인헌6길),37.4739275,126.9653441,37.4738606,126.9646008,구도,기타,0.08
서울특별시 관악구,신림로 48길,37.4791909,126.9335025,37.4797768,126.9348478,구도,기타,0.15
서울특별시 관악구,국회단지길(국회단지길 36),37.4876598,126.9402373,37.4912779,126.9418357,구도,기타,0.5
서울특별시 강남구,광평로,37.4918451,127.0734749,37.4854702,127.0980772,시도,고갯길,1.7
서울특별시 관악구,남부순환로198길,37.4842139,126.9367848,37.4836645,126.9364963,구도,기타,0.1
서울특별시 도로사업소 성동도로사업소 도로보수과,올림픽대로,37.5319228,127.0394565,37.5335841,127.0360885,특별시도·광역시도,램프,0.33
서울특별시 도봉구,노해로44길,37.6487613,127.0279054,37.6486684,127.0281872,구도,고갯길,0.03
서울특별시 용산구,이촌고가차도,37.5237479,126.9588302,37.5237479,126.9588302,구도,고가도로,0.21
서울특별시 용산구,녹사평대로,37.5417816,126.9875628,37.5439974,126.989188,시도,지하차도,0.1
서울특별시,녹사평대로,37.5433723,126.9881262,37.544919,126.98766,시도,급경사,0.23
서울특별시 도로사업소 성동도로사업소 도로보수과,올림픽대로,37.525934,127.0561603,37.5274187,127.0558602,특별시도·광역시도,램프,0.55
서울특별시 용산구,녹사평대로,37.5321357,126.9902182,37.5349142,126.9868147,시도,지하차도,0.45
서울특별시 금천구,금하로30길,37.449989,126.914665,37.448309,126.916254,구도,고갯길,0.25
서울특별시 용산구,소월로,37.5401732,127.0016311,37.5397102,127.0015192,시도,고가도로,0.12
서울특별시 용산구,새창로,37.530556,126.9669495,37.5324824,126.9648119,구도,지하차도,0.37
서울특별시 용산구,장문로,37.5259875,126.9969025,37.5261498,126.9966111,구도,고갯길,0.05
서울특별시 용산구,효창원로,37.5358302,126.949449,37.5359162,126.9529129,구도,고갯길,0.13
서울특별시,서빙고로,37.5198963,126.9908018,37.5178309,126.9856051,시도,지하차도,0.31
서울특별시 용산구,효창원로,37.5507147,126.9636246,37.5507601,126.9641716,구도,고갯길,0.03
서울특별시 용산구,이촌로,37.5178778,126.9822923,37.5184082,126.9852854,구도,지하차도,0.27
서울특별시 용산구,소월로,37.5434135,126.9895421,37.5442068,126.9906604,구도,고갯길,0.22
서울특별시 강남구,강남대로146길,37.514514,127.0203196,37.5148569,127.0210108,구도,고갯길,0.7
서울특별시 서초구,도구로 5길,37.4824159,126.9875125,37.4806731,126.9885517,구도,고갯길,0.1
서울특별시 서초구,서초대로 64길,37.4946933,127.0208404,37.4909513,127.022279,구도,고갯길,0.5
서울특별시 서초구,효령로 33길,37.4842283,126.996649,37.4846272,126.9982039,구도,고갯길,0.13
서울특별시 용산구,새창로,37.5370632,126.9550639,37.5370012,126.9556728,구도,고갯길,0.03
서울특별시 용산구,녹사평대로,37.5379177,126.9896987,37.5371898,126.9906453,구도,고갯길,0.18
서울특별시 용산구,두텁바위로,37.5471522,126.9814383,37.5466651,126.9835117,구도,고갯길,0.2
서울특별시 용산구,효창원로,37.546489,126.9666668,37.5474249,126.9669051,구도,고갯길,0.1
서울특별시 용산구,회나무로,37.5380962,126.987,37.5406847,126.9965609,구도,고갯길,0.95
서울특별시 용산구,회나무로,37.5407639,126.9962444,37.5409857,126.9964746,구도,고갯길,0.06
서울특별시 용산구,서빙고로,37.5218791,126.9980132,37.5219653,126.9980586,구도,고갯길,0.03
서울특별시 용산구,대사관로,37.5344466,127.0004433,37.5335262,127.0035156,구도,고갯길,0.3
충청남도 부여군,군도 10호,36.2431178,126.8064006,36.2384787,126.8044933,군도,고갯길,1
서울특별시 용산구,대사관로,37.5349828,126.9987573,37.5335083,127.001106,구도,지하차도,0.47
서울특별시 도로사업소 성동도로사업소 도로보수과,올림픽대로,37.5322833,127.023528,37.5302412,127.022584,특별시도·광역시도,램프,0.48
경기도 부천시 오정구 건설안전과,소로3-204,37.5209197,126.8000795,37.5207551,126.8006483,시도,고갯길,0.1
서울특별시 강북구,솔매로,37.6267328,127.0288156,37.6268788,127.0284458,구도,고갯길,0.09
서울특별시 성북구,숭인로 고개,37.611529,127.0224868,37.612192,127.0245455,구도,고갯길,0.2
서울특별시 성북구,숭인로 고개,37.6115066,127.0224616,37.6121301,127.024528,구도,고갯길,0.2
서울특별시 중랑구,망우로(망우리 고개),37.601595,127.114874,37.600696,127.113363,시도,고갯길,0.7
서울특별시 강북구,오현로,37.6164751,127.0298881,37.6231865,127.0377119,시도,고갯길,1
서울특별시 도봉구,시루봉로 2길,37.6562846,127.0329625,37.6559603,127.0280315,구도,고갯길,0.2
서울특별시 동작구,서달로2길,37.503201,126.965418,37.5014708,126.9639627,구도,고갯길,0.63
서울특별시 도봉구,노해로 267,37.6516129,127.0378442,37.6517012,127.0378484,구도,고갯길,0.02
서울특별시 도봉구,노해로44길,37.6482619,127.0293229,37.6481603,127.029641,구도,고갯길,0.03
서울특별시 도봉구,덕릉로 60길,37.634636,127.0427742,37.6348781,127.0433132,구도,고갯길,0.06
서울특별시 도봉구,노해로49길,37.6510426,127.0298147,37.6514185,127.0296898,구도,고갯길,0.03
서울특별시 도봉구,노해로48길,37.6502495,127.0299106,37.6502815,127.0301068,구도,고갯길,0.04
서울특별시 도봉구,덕릉로 60길,37.6356565,127.0426863,37.6356585,127.0429854,구도,고갯길,0.06
서울특별시 강북구,오패산로,37.6165436,127.0351464,37.6203531,127.0324398,구도,급경사,0.4
서울특별시 도봉구,노해로57길,37.6520497,127.0333617,37.6513042,127.0334154,구도,고갯길,0.05
서울특별시 도봉구,도봉로113길,37.6482207,127.0306667,37.6482538,127.0309447,구도,고갯길,0.05
서울특별시 도봉구,우이천로38라길,37.6518815,127.0234862,37.6530072,127.0238619,구도,고갯길,0.13
서울특별시 도봉구,도봉산4길,37.6888152,127.0427138,37.6888152,127.0427138,구도,고갯길,0.05
서울특별시 양천구,신월로,37.51663,126.839174,37.51589,126.834363,시도,고가도로,0.39
서울특별시 양천구,강서로,37.52677,126.849443,37.52911,126.848204,시도,고가도로,0.28
서울특별시 양천구,오목로,37.5243,126.87428,37.52573,126.867024,시도,지하차도,0.63
서울특별시 양천구,목동로,37.51475,126.869334,37.52062,126.866344,시도,지하차도,0.68
서울특별시 도로사업소 강서도로사업소,오류고가차도,37.49051,126.833426,37.494175,126.831005,시도,고가도로,0.21
서울특별시 도로사업소 강서도로사업소,가마산고가차도,37.492997,126.883347,37.492117,126.882147,시도,고가도로,0.04
서울특별시 도로사업소 강서도로사업소,신도림지하차도,37.504597,126.887442,37.506766,126.885464,시도,지하차도,0.14
서울특별시 도로사업소 강서도로사업소,개봉고가차도,37.492487,126.856,37.496112,126.856412,시도,고가도로,0.13
서울특별시 도로사업소 강서도로사업소,오류,37.492843,126.840563,37.49425,126.840189,시도,지하차도,0.14
서울특별시 도로사업소 강서도로사업소,구로역,37.500792,126.882295,37.502471,126.880364,시도,지하차도,0.18
서울특별시 도로사업소 강서도로사업소,가마산지하보차도,37.489707,126.881146,37.487345,126.879765,시도,지하차도,0.27
서울특별시 금천구,시흥대로38길,37.44368,126.90461,37.44755,126.9042,구도,고갯길,0.45
서울특별시 금천구,금하로,37.450003,126.914584,37.449936,126.920707,시도,고갯길,0.77
서울특별시 강북구,오현로,37.6166577,127.0339417,37.6186096,127.033442,구도,급경사,0.25
서울특별시 금천구,시흥대로,37.466521,126.897917,37.479265,126.901137,시도,고갯길,1.45
서울특별시 금천구,시흥대로,37.454775,126.900709,37.466521,126.897917,시도,고갯길,1.4
서울특별시 금천구,시흥대로,37.448506,126.903109,37.454775,126.900709,시도,고갯길,0.74
서울특별시 강북구,한영교회 사거리,37.6232239,127.0320866,37.6226439,127.0317573,구도,고갯길,0.02
충청남도 부여군,군도15호,36.2914783,126.9416281,36.295276,126.9464566,군도,고갯길,1
충청남도 부여군,군도14호,36.2285251,126.737826,36.2295132,126.7267627,군도,고갯길,1
서울특별시 강북구,인수봉로12길,37.6234904,127.0131537,37.6229338,127.0162808,구도,고갯길,0.33
서울특별시 금천구,시흥대로,37.478496,126.896844,37.477447,126.898533,시도,램프,0.16
서울특별시 동작구,흑석동유수지고가차도,37.5084029,126.9633554,37.5084029,126.9633554,구도,고가도로,0.07
서울특별시 동작구,동작대로39가길,37.4950113,126.9772485,37.4942689,126.9794014,구도,고갯길,0.45
서울특별시 동작구,여의대방로36길,37.5075368,126.92779,37.5088336,126.9319019,구도,고갯길,0.8
서울특별시 동작구,양녕로20길,37.4937575,126.9448756,37.49442,126.943365,구도,고갯길,0.51
서울특별시 동작구,매봉로6길,37.5081232,126.9515991,37.5098131,126.9544959,구도,고갯길,0.25
서울특별시 동작구,솔밭로,37.482237,126.9668297,37.4806866,126.9635232,구도,고갯길,0.6
서울특별시 동작구,사당로16길,37.477772,126.9695173,37.4796471,126.9713332,구도,고갯길,0.74
서울특별시 동작구,매봉로,37.5104993,126.9508732,37.5081232,126.9515991,구도,고갯길,0.53
서울특별시 강북구,솔샘터널 상단 회차도로,37.619619,127.010956,37.619619,127.010956,시도,고갯길,0.3
서울특별시 강북구,계성교,37.6478684,127.0221766,37.6486797,127.0195676,구도,고갯길,0.04
서울특별시 서초구,서초대로 51길,37.4965768,127.013621,37.4962537,127.0137224,구도,급경사,0.05
서울특별시 양천구,목동중앙로5길,37.5384078,126.870961,37.5378991,126.8699279,구도,급경사,145
부산광역시 기장군,기장대로(국지도31호선),35.2224639,129.2128166,35.20714,129.2078991,지방도,급경사,1.9
부산광역시 기장군,국지도 60호선(산단로),35.3452872,129.1586722,35.3518207,129.1556628,지방도,급경사,0.9
부산광역시 기장군,병산로(군도10호선),35.3406123,129.1781641,35.3473658,129.1893908,군도,급경사,1.3
국토교통부 부산지방국토관리청 진영국토관리사무소,웅상대로(국도7호선),35.3512692,129.1349,35.3604922,129.1427168,위임국도,급경사,1.7
서울특별시 관악구,국회단지4길(국회단지4길25),37.4871911,126.9413593,37.4878125,126.9415874,구도,기타,0.08
서울특별시 강북구,삼양로41가길,37.6223477,127.0171586,37.6217368,127.0172209,구도,고갯길,0.09
부산광역시 기장군,내덕길,35.3254233,129.2126691,35.3313073,129.2197442,지방도,급경사,1.2
서울특별시 강북구,도봉로,37.6339677,127.0275084,37.6340936,127.0301386,구도,급경사,0.25
서울특별시 강북구,삼양로,37.6193965,127.0154224,37.6170237,127.0155171,구도,급경사,0.28
서울특별시 강북구,솔매로,37.6252073,127.0149786,37.6254564,127.0164018,구도,고갯길,0.13
서울특별시 강북구,오패산로,37.6255729,127.0296811,37.6243918,127.0304997,구도,고갯길,0.18
서울특별시 강북구,오패산로52길,37.6225188,127.0312655,37.6245856,127.0322876,구도,고갯길,0.35
서울특별시 강북구,쌍문414앞교,37.6486797,127.0195676,37.6486823,127.0198389,구도,기타,0.03
서울특별시 강북구,인수봉로,37.627376,127.0113073,37.6258243,127.0100815,구도,급경사,0.26
서울특별시 용산구,신흥로,37.5462714,126.9852347,37.5460032,126.9852627,구도,기타,0.05
서울특별시 용산구,회나무로,37.5408133,126.9963044,37.540734,126.9966208,구도,고갯길,0.03
서울특별시 양천구,목동중앙서로11길,37.5335697,126.8688579,37.5342454,126.8680471,구도,급경사,110
서울특별시 양천구,목동중앙북로8길,37.5443499,126.8685247,37.5446891,126.865794,구도,급경사,210
서울특별시 강남구,도산대로92길,37.5216922,127.048976,37.521494,127.0490633,구도,급경사,0.06
서울특별시 강남구,언주로136길,37.5173232,127.0362001,37.517424,127.0367053,구도,기타,0.09
서울특별시 양천구,목동중앙로3길,37.5367557,126.869159,37.5372834,126.8698657,구도,급경사,90
서울특별시 양천구,목동중앙본로1길,37.5382428,126.8695884,37.5389535,126.8700166,구도,급경사,143
서울특별시 강남구,압구정로75길,37.5283144,127.0480205,37.528534,127.0483988,구도,기타,0.05
서울특별시 강남구,테헤란로5길,37.5017902,127.0293161,37.5009719,127.0288571,구도,기타,0.13
서울특별시 양천구,신정로13길,37.5111227,126.8433217,37.5139554,126.8416089,구도,급경사,0.23
서울특별시 용산구,신흥로,37.5434832,126.987686,37.545669,126.9855909,구도,기타,0.35
서울특별시 강남구,강남대로106길,37.5035105,127.0278912,37.504678,127.0294385,구도,기타,0.26
서울특별시 양천구,지양로17길,37.5238738,126.8283713,37.522177,126.827445,구도,급경사,215
서울특별시 강남구,영동대로122길,37.5187374,127.0615747,37.5184614,127.0615916,구도,급경사,0.9
서울특별시 강남구,도곡로2길,37.4882749,127.0338414,37.4878627,127.0341837,구도,기타,0.08
서울특별시 강남구,남부순환로355길,37.4867224,127.034985,37.4869121,127.0348841,구도,기타,0.06
서울특별시 양천구,목동남로4길,37.5086502,126.8649116,37.5067772,126.8657396,구도,급경사,0.23
서울특별시 강남구,봉은사로25길,37.5109066,127.0319448,37.511223,127.0300505,구도,기타,0.17
서울특별시 강남구,봉은사로18길,37.5035993,127.0293541,37.5042367,127.0297836,구도,기타,0.04
서울특별시 강남구,논현로105길,37.5057411,127.0293573,37.5052382,127.0296065,구도,기타,0.08
서울특별시 강남구,강남대로42길,37.4853791,127.0347267,37.4853778,127.0349331,구도,기타,0.03
서울특별시 강남구,강남대로100길,37.5016464,127.0262171,37.5017743,127.0274285,구도,기타,0.13
서울특별시 강남구,도곡로28길,37.4927289,127.0426986,37.4927289,127.0426986,구도,기타,0.5
서울특별시 강남구,강남대로118길,37.5061249,127.0289728,37.5070885,127.0282445,구도,기타,0.1
서울특별시 강남구,논현로 105길,37.504871,127.0270358,37.5054386,127.0288806,구도,기타,0.15
서울특별시 강남구,봉은사로109길,37.5189083,127.0635816,37.5184615,127.0641786,구도,기타,0.75
서울특별시 강남구,압구정로71길,37.5277704,127.0460916,37.5289598,127.0466818,구도,기타,0.13
서울특별시 강남구,선릉로130길,37.5171153,127.0443062,37.5171153,127.0443062,구도,기타,0.03
서울특별시 강남구,선릉로 126길 ,37.51527,127.0437494,37.5143465,127.0453241,구도,기타,0.1
서울특별시 강남구,학동로73길,37.5186669,127.0481492,37.5186669,127.0481492,구도,기타,0.05
서울특별시 강남구,언주로85길,37.5009223,127.0412807,37.5011563,127.0415326,구도,기타,0.05
서울특별시 강남구,도곡로83길,37.5000997,127.0623159,37.5004031,127.0629849,구도,기타,0.05
서울특별시 강남구,선릉로~도곡로,37.4962452,127.0539931,37.4962452,127.0539931,구도,기타,0.03
서울특별시 강남구,봉은사로18길,37.5060912,127.0305906,37.5058589,127.0304203,구도,기타,0.55
서울특별시 강남구,논현로97길,37.503286,127.034452,37.5035121,127.0352068,구도,기타,0.1
서울특별시 서초구,사평대로 53길,37.5074942,127.0211653,37.5091986,127.0205026,구도,고갯길,0.16
서울특별시 강남구,선릉로120길,37.5140893,127.0445585,37.5145713,127.0438117,구도,기타,0.1
서울특별시 강남구,선릉로,37.4958322,127.0527292,37.4910237,127.0530474,구도,기타,0.7
서울특별시 강남구,봉은사로7길,37.5062992,127.0272728,37.5058794,127.0283753,구도,기타,0.1
서울특별시 강남구,테헤란로13길,37.4999079,127.0330207,37.5003779,127.0324918,구도,기타,0.45
서울특별시 도로사업소 동부도로사업소,헌릉로,37.4552681,127.06671,37.4593588,127.0808869,시도,고갯길,0.9
서울특별시 강남구,역삼로52길,37.4980581,127.0486505,37.4980581,127.0486505,구도,기타,0.03
서울특별시 양천구,오목로38길,37.7418459,127.0971421,37.5242335,126.8567116,구도,급경사,0.09
서울특별시 양천구,목동중앙북로24길,37.5467069,126.8719686,37.5458472,126.8800862,구도,급경사,0.19
서울특별시 강남구,영동대로65길,37.5010034,127.0636458,37.5010034,127.0636458,구도,기타,0.06
서울특별시 강남구,국기원길,37.4994303,127.0310556,37.5023841,127.0279155,구도,기타,1.1
서울특별시 강남구,영동대로141길,37.5233475,127.0536187,37.5233845,127.0546768,구도,기타,0.12
서울특별시 강남구,봉은사로25길,37.50982,127.0319301,37.5105191,127.0318243,구도,기타,0.09
서울특별시 양천구,화곡고가차도,37.5266835,126.8497845,37.5284653,126.8481905,시도,급경사,0.52
부산광역시 기장군,정관산업로,35.3142019,129.1748322,35.3166541,129.176408,지방도,급경사,0.4
서울특별시 관악구,난곡로(난곡종점),37.4640616,126.9193938,37.4613886,126.9258628,시도,기타,0.8
서울특별시 강남구,영동대로118,37.51788,127.0617901,37.5185793,127.0606461,구도,기타,0.15
서울특별시 양천구,목동서로(양평교),37.5377558,126.8838915,37.5381977,126.8855226,시도,급경사,0.24
서울특별시 관악구,양녕로(국사봉터널),37.4916987,126.9430741,37.488757,126.9464269,구도,기타,0.25
서울특별시 강남구,광평로42길,37.4848736,127.0996256,37.4859028,127.0987183,구도,기타,0.13
서울특별시 강남구,광평로34길,37.480332,127.0891633,37.4840109,127.0942829,구도,기타,0.9
부산광역시 기장군,소산길,35.2964438,129.170354,35.2996715,129.1634748,지방도,급경사,0.5
서울특별시 관악구 안전건설교통국 도로관리과,봉천로33길(은천로86),37.48675,126.9449192,37.4857271,126.9440669,구도,기타,0.17
서울특별시 관악구 안전건설교통국 도로관리과,양녕로5길,37.4850267,126.9461541,37.4850267,126.9461541,구도,기타,0.01
서울특별시 관악구,남현6길,37.4742213,126.9759764,37.4732843,126.9735927,구도,기타,0.18
서울특별시 관악구,난곡로26길(광신길177),19.6925858,117.9916089,37.4665278,126.9272219,구도,기타,0.5
서울특별시 관악구,봉천로33길(양녕로1길 48),37.4836809,126.9437723,37.4859162,126.9440365,구도,기타,0.25
서울특별시 도로사업소 서부도로사업소 도로보수과,소공로,37.5560669,126.9833567,37.5564297,126.9830243,특별시도·광역시도,기타,0.36
서울특별시 도로사업소 서부도로사업소 도로보수과,통일로,37.6315651,126.9189002,37.6332865,126.9174649,특별시도·광역시도,기타,0.6
서울특별시 도로사업소 서부도로사업소 도로보수과,강변북로,37.5593934,126.8941461,37.5577685,126.8937147,특별시도·광역시도,램프,0.3
서울특별시 도로사업소 서부도로사업소 도로보수과,연희IC,37.5653388,126.9285911,37.5649744,126.9292753,특별시도·광역시도,교차로,0.08
서울특별시 도로사업소 서부도로사업소 도로보수과,서강대교 하부,37.5453933,126.9303202,37.5441009,126.9278338,특별시도·광역시도,기타,0.25
서울특별시 관악구,복은길(복은길132),37.4749338,126.9430493,37.474842,126.9406959,구도,기타,0.2
서울특별시 도로사업소 서부도로사업소 도로보수과,소파로,37.5561375,126.9781948,37.5543813,126.9809982,특별시도·광역시도,급경사,0.42
서울특별시 도로사업소 서부도로사업소 도로보수과,양화대교 북단램프,37.5486431,126.9053735,37.546974,126.908139,특별시도·광역시도,램프,0.35
서울특별시 관악구 안전건설교통국 도로관리과,봉천로33길(봉천로33길 26),37.4843407,126.943828,37.4843407,126.943828,구도,기타,0.01
서울특별시 관악구,낙성대역8길,37.4745424,126.9631277,37.4741509,126.9611318,구도,기타,0.14
서울특별시 관악구,앙녕로5길,37.484636,126.9464827,37.4848333,126.9460335,구도,상습정체,0.1
서울특별시 관악구,서원길(신림로253-1),37.4776634,126.9329366,37.4760157,126.9322738,구도,기타,0.2
서울특별시 관악구,서림길(서림길50),37.4738474,126.9382767,37.4744405,126.9379711,구도,기타,0.08
서울특별시 금천구,범안로12가길,37.4646641,126.8948274,37.4647612,126.8939428,구도,급경사,0.1
서울특별시 금천구,시흥대로150길,37.4759834,126.9018629,37.4762709,126.9015078,구도,급경사,0.05
서울특별시 도로사업소 서부도로사업소 도로보수과,양화대교 남단램프,37.5382511,126.9004394,37.5404212,126.8966002,특별시도·광역시도,램프,0.66
서울특별시 도로사업소 서부도로사업소 도로보수과,마포대교 북단램프,37.5365503,126.941507,37.5373311,126.9430437,특별시도·광역시도,램프,0.46
서울특별시 관악구 안전건설교통국 도로관리과,신림로39길(신림로39길 5),37.4769892,126.9355904,37.4771802,126.9357328,구도,기타,0.03
서울특별시 관악구,난향3길(난향5길 35),37.4617526,126.9158855,37.4614043,126.9155711,구도,기타,0.07
서울특별시 서초구 안전건설교통국 도로과,헌릉로 중앙차선,37.4610469,127.0508656,37.45972,127.0539239,시도,급경사,0.8
서울특별시 도로사업소 서부도로사업소 도로보수과,양화대교 북단램프,37.5474481,126.9094865,37.5466108,126.9093488,특별시도·광역시도,램프,0.2
서울특별시 도로사업소 서부도로사업소 도로보수과,양화대교 북단램프,37.5479234,126.9077347,37.5478752,126.9091053,특별시도·광역시도,램프,0.25
서울특별시 도로사업소 서부도로사업소 도로보수과,마포대교 북단램프,37.5382013,126.9436064,37.5385412,126.9413875,특별시도·광역시도,램프,0.38
서울특별시 금천구,탑골로10길,37.4504925,126.9155568,37.4503986,126.9157502,구도,고갯길,0.06
서울특별시 관악구,인헌 16길,37.4692626,126.9654845,37.469532,126.9660615,구도,기타,0.08
서울특별시 관악구,법원단지길(법원단지21길2),37.474988,126.9227331,37.4762276,126.9250457,구도,기타,0.25
서울특별시 관악구,승방길(승방길6),37.4739287,126.9814585,37.4733168,126.9794424,구도,기타,0.22
서울특별시 관악구,솔밭로(솔밭로7길1),37.4796965,126.9635426,37.4803322,126.9634772,구도,기타,0.2
서울특별시 서초구 안전건설교통국 도로과,서초대로51길,37.4933115,127.0215651,37.494725,127.0210067,구도,급경사,0.19
서울특별시 금천구,독산로54길,37.4705378,126.9065942,37.4713066,126.9064556,구도,급경사,0.17
서울특별시 도로사업소 서부도로사업소 도로보수과,성산로,37.5710942,126.9572059,37.5715078,126.9590907,특별시도·광역시도,기타,0.4
서울특별시 도로사업소 서부도로사업소 도로보수과,성산로,37.5670056,126.9470789,37.5680546,126.9480284,특별시도·광역시도,기타,0.3
서울특별시 도로사업소 서부도로사업소 도로보수과,소월로,37.5409515,126.9981755,37.5438706,127.0019124,특별시도·광역시도,고갯길,0.45
서울특별시 금천구,시흥대로38길,37.4449769,126.904449,37.4479932,126.9038962,구도,급경사,0.38
서울특별시 관악구,청림길(관악로268),37.4878612,126.9581501,37.4882002,126.9589427,구도,기타,0.1
서울특별시 도로사업소 서부도로사업소 도로보수과,연희IC,37.5651391,126.9283692,37.5644786,126.928663,특별시도·광역시도,기타,0.08
서울특별시 도로사업소 서부도로사업소 도로보수과,증산로,37.5784634,126.9036553,37.5774913,126.9023971,특별시도·광역시도,지하차도,0.26
서울특별시 서초구 안전건설교통국 도로과,서초대로51길,37.4946981,127.0143602,37.4947456,127.0142726,구도,급경사,0.05
서울특별시 도로사업소 서부도로사업소 도로보수과,퇴계로,37.5609292,126.9880603,37.5596485,126.9907711,특별시도·광역시도,기타,0.25
서울특별시 도로사업소 서부도로사업소 도로보수과,성산로,37.570912,126.9543529,37.5713357,126.9560447,특별시도·광역시도,기타,0.2
서울특별시 도로사업소 서부도로사업소 도로보수과,서오릉로,37.6126458,126.9144397,37.6114975,126.917266,특별시도·광역시도,기타,0.2
서울특별시 도로사업소 서부도로사업소 도로보수과,강변북로,37.546191,126.9085508,37.546295,126.9103161,특별시도·광역시도,램프,0.3
서울특별시 금천구,독산로54길,37.4761322,126.9059103,37.4741039,126.9058096,구도,급경사,0.36
서울특별시 도봉구,우이천로38나길,37.6534356,127.0217052,37.6523623,127.0218634,구도,고갯길,0.05
서울특별시 금천구,디지털로,37.477886,126.8873173,37.4772807,126.8804819,시도,급경사,0.48
서울특별시 도로사업소 강서도로사업소 도로보수과,개화동로,37.590133,126.802564,37.5918731,126.8050159,시도,램프,600
서울특별시 도봉구,노해로44길,37.6484272,127.0292514,37.6484272,127.0292514,구도,고갯길,0.05
서울특별시 도봉구,노해로 45길,37.6508972,127.026071,37.6518851,127.0264172,구도,고갯길,0.05
서울특별시 도로사업소 강서도로사업소 도로보수과,안양천로,37.5467178,126.8810677,37.5476929,126.881222,시도,램프,250
서울특별시 도로사업소 강서도로사업소 도로보수과,올림픽대로,37.549661,126.8861008,37.5526912,126.8836977,시도,램프,400
서울특별시 도로사업소 강서도로사업소 도로보수과,노들로,37.5477372,126.8813534,37.546798,126.8810066,시도,램프,460
서울특별시 도로사업소 강서도로사업소 도로보수과,성산대교 남단 램프,37.5455929,126.8888574,37.5473287,126.8885548,시도,램프,220
서울특별시 도로사업소 강서도로사업소 도로보수과,성산대교 북단 램프,37.5566669,126.8941499,37.5557445,126.8959303,시도,램프,0.2
서울특별시 도로사업소 강서도로사업소 도로보수과,성산대교 북단 램프,37.5586176,126.8930657,37.5573078,126.8940233,시도,램프,0.2
서울특별시 도로사업소 강서도로사업소 도로보수과,서부간선도로 남단 램프,37.5456589,126.8879464,37.5466059,126.8880082,시도,램프,0.2
서울특별시 도로사업소 강서도로사업소 도로보수과,성산대교남단,37.5448598,126.8873054,37.5461691,126.8880452,시도,램프,0.5
서울특별시 도로사업소 동부도로사업소,천호대교남단 진입램프,37.5425653,127.1191153,37.5417335,127.1162513,시도,램프,0.2
서울특별시 용산구,원효로77길,37.5399462,126.9642081,37.5396795,126.9647897,구도,기타,0.03
서울특별시 도로사업소 동부도로사업소,잘실철도교 진입램프,37.5220249,127.1004573,37.5232764,127.1024488,시도,램프,0.4
서울특별시 도로사업소 동부도로사업소,신천나들목,37.521351,127.0979727,37.5207239,127.0947094,시도,램프,0.3
서울특별시 재난안전실 도로기획관 도로시설과,내부순환로,37.5894792,126.9378463,37.5874487,126.9345569,시도,램프,0.4
서울특별시 재난안전실 도로기획관 도로시설과,내부순환로,37.6010403,127.0398461,37.596452,127.0405199,시도,램프,0.33
서울특별시 도로사업소 동부도로사업소,천호대교 남단,37.5655345,127.1365683,37.5654102,127.1328252,시도,램프,0.58
서울특별시 도로사업소 동부도로사업소,올림픽대교 남단 PH1,37.5276847,127.1075333,37.5301484,127.1075322,시도,램프,0.93
서울특별시 재난안전실 도로기획관 도로시설과,내부순환로,37.5752425,127.0346004,37.5711558,127.0330525,시도,램프,0.31
서울특별시 재난안전실 도로기획관 도로시설과,내부순환로,37.5606839,126.8974314,37.5627424,126.9008845,시도,램프,0.34
서울특별시 재난안전실 도로기획관 도로시설과,내부순환로,37.5702237,126.9199333,37.5723616,126.922481,시도,램프,0.4
서울특별시 재난안전실 도로기획관 도로시설과,내부순환로,37.5953841,126.9490802,37.596049,126.9528098,시도,램프,0.53
서울특별시 재난안전실 도로기획관 도로시설과,내부순환로,37.6071425,127.0060141,37.6075833,127.0033984,시도,램프,0.49
서울특별시 재난안전실 도로기획관 도로시설과,내부순환로,37.6074953,127.0020382,37.6066158,127.0067135,시도,램프,0.27
서울특별시 재난안전실 도로기획관 도로시설과,내부순환로,37.5727176,127.0370993,37.5752425,127.0346004,시도,램프,0.3
서울특별시 재난안전실 도로기획관 도로시설과,동부간선도로,37.5319066,127.0640368,37.5310071,127.0642256,시도,램프,0.16
서울특별시 재난안전실 도로기획관 도로시설과,고속국도1호선,37.5138612,127.0157789,37.519063,127.0093157,시도,고가도로,1.1
서울특별시 재난안전실 도로기획관 도로시설과,올림픽대로,37.5195866,127.0635868,37.5174963,127.0662491,시도,고가도로,0.5
서울특별시 중랑구,면목로30길,37.5758172,127.0866143,37.575629,127.0876806,구도,기타,0.1
서울특별시 중랑구,면목로,37.5838874,127.0932133,37.5812079,127.0843069,구도,기타,0.04
서울특별시 중랑구,면목로30나길,37.5764387,127.0877155,37.576826,127.0875294,구도,기타,0.07
서울특별시 중랑구,답십리로87길,37.571847,127.0854932,37.5715532,127.0853052,구도,기타,0.05
서울특별시 중랑구,용마산로45길,37.57441,127.0876308,37.5748295,127.0880115,구도,기타,0.15
서울특별시 도로사업소 동부도로사업소,"암사IC, D,E 램프",37.5660732,127.1343377,37.5668977,127.1410389,시도,램프,1
서울특별시 도로사업소 동부도로사업소,올림픽대로 진입램프,37.5168926,127.0774092,37.5168926,127.0774092,시도,급경사,0.26
서울특별시 중랑구,동일로140길,37.6056838,127.0832598,37.6065364,127.0829892,구도,기타,0.2
서울특별시 중랑구,용마산로118길,37.6011201,127.1065944,37.6011127,127.1075415,구도,기타,0.06
서울특별시 중랑구,망우로,37.6015596,127.1145015,37.600243,127.1122473,시도,기타,0.98
서울특별시 중랑구,봉우재로71길,37.5968834,127.0965219,37.5971682,127.0957954,구도,기타,0.09
서울특별시 중랑구,망우로91길,37.6011108,127.1129263,37.6008804,127.1112922,구도,기타,0.23
서울특별시 중랑구,봉우재로65길,37.5964047,127.0972577,37.5973804,127.0978074,구도,기타,0.13
서울특별시 중랑구,봉우재로58길,37.5925989,127.0958186,37.5933482,127.0955666,구도,기타,0.11
서울특별시 중랑구,용마산로99길,37.5919134,127.0974899,37.5920794,127.0969069,구도,기타,0.07
서울특별시 중랑구,용마산로 139나길,37.617399,127.1022122,37.6173185,127.1019634,구도,기타,0.08
서울특별시 금천구,시흥대로138길 36,37.4725051,126.9005179,37.4719651,126.9004603,구도,급경사,0.05
서울특별시 중랑구,면목로22길,37.5721817,127.0846353,37.5718626,127.0853761,구도,기타,0.01
서울특별시 중랑구,봉우재로65길,37.5955389,127.0973916,37.5952264,127.0973743,구도,기타,0.06
서울특별시 중랑구,상봉로16길,37.5924161,127.0957889,37.5923568,127.0949533,구도,기타,0.1
서울특별시 중랑구,경춘북로,37.6201132,127.1060018,37.61657,127.1029549,시도,터널,0.8
서울특별시 중랑구,상봉중앙로,37.597271,127.088064,37.599711,127.087656,구도,지하차도,0.2
서울특별시 도로사업소 동부도로사업소,천호대교 북단,37.5426977,127.1064764,37.5438092,127.1089378,시도,램프,0.38
서울특별시 중랑구,봉우재로64길,37.5923401,127.0970445,37.5931974,127.0975511,구도,기타,0.13
서울특별시 중랑구,용마공원로10가길 용마공원로,37.5929496,127.1010298,37.5922667,127.1013272,구도,기타,0.12
서울특별시 중랑구,신내로,37.6025962,127.096668,37.5999489,127.0971851,시도,지하차도,0.3
경상남도 남해군,군도12호선,34.8070117,127.9992718,34.8054194,128.0047732,군도,고갯길,0.5
서울특별시 중구,장충단로10길,37.5633696,127.0097677,37.563218,127.010253,구도,고갯길,0.04
서울특별시 종로구,NDMS 테스트,37.5767977,126.7483403,37.5787864,126.9826423,특별시도·광역시도,고가도로,1.5
서울특별시 중구,다산로36길,37.5593683,127.0203027,37.5593683,127.0203027,구도,고갯길,0.25
서울특별시 중구,퇴계로6가길,37.5563129,126.9779306,37.556297,126.9769526,구도,고갯길,0.6
서울특별시 중구,중림로4길 ,37.558995,126.964034,37.5578141,126.964059,구도,고갯길,0.17
서울특별시 중구,다산로24가길,37.556621,127.015477,37.556872,127.015879,구도,고갯길,0.2
서울특별시 서대문구,모래내로,37.5828239,126.9375302,37.5860622,126.9467569,구도,고갯길,1
서울특별시 양천구,안양천길,37.51123,126.873779,37.50756,126.871694,시도,지하차도,0.46
충청북도 옥천군,군도11,36.1918845,127.6516973,36.1939836,127.6543997,군도,고갯길,0.8
대구광역시 동구,해서지하차도,35.9063225,128.6441293,35.9065052,128.6441319,구도,지하차도,0.02
대구공공시설관리공단,율하지하차도,35.8628546,128.6898968,35.8640116,128.6889949,특별시도·광역시도,지하차도,0.13
대구공공시설관리공단,불로지하차도,35.9049787,128.6387241,35.9087099,128.6407682,특별시도·광역시도,지하차도,0.54
대구공공시설관리공단,신암지하차도,35.8761921,128.6167217,35.8791238,128.6161405,특별시도·광역시도,지하차도,0.2
대구공공시설관리공단,신서지하차도,35.8757145,128.7239722,35.8760954,128.7240094,특별시도·광역시도,지하차도,0.05
대구공공시설관리공단,효목지하차도,35.8803501,128.6421321,35.8806792,128.6424022,특별시도·광역시도,지하차도,0.04
충청북도 옥천군,군도8,36.2556769,127.5928758,36.2510931,127.5991326,군도,고갯길,0.5
대전광역시 동구,동부로,36.3258499,127.4660119,36.3224764,127.4627761,지방도,고갯길,0.5
대전광역시 동구,신상로,36.3542863,127.4708744,36.3558155,127.4688226,지방도,터널,0.13
대전광역시 동구,신상로,36.3542863,127.4708744,36.3558155,127.4688226,지방도,터널,0.13
대전광역시 동구,신상로,36.3542863,127.4708744,36.3558155,127.4688226,지방도,터널,0.13
대전광역시 동구,신상로,36.3542863,127.4708744,36.3558155,127.4688226,지방도,터널,0.13
울산광역시 남구,두왕로,35.5316,129.308041,35.5169434,129.3103466,시도,고갯길,1.8
울산광역시 남구,문수로,35.5381928,129.2776923,35.5385698,129.2670886,시도,고갯길,1
경기도 고양시 도로건설사업소 도로관리과,호국로,37.71717,126.91727,37.71806,126.922159,일반국도,고갯길,1
경기도 남양주시,도시계획도로,37.6530817,127.2514806,37.6541286,127.2750878,시도,고갯길,2.25
경기도 남양주시,도시계획도로,37.6128637,127.1462787,37.6138467,127.1509853,시도,교량,0.45
경기도 남양주시,시도113호선,37.6775434,127.0925746,37.6815832,127.1065567,시도,고갯길,1.3
경기도 남양주시,지방도387호선,37.7487513,127.2737077,37.7487448,127.2730668,지방도,교량,0.04
충청북도 옥천군,군도13,36.3611584,127.58213,36.3567318,127.5732977,군도,고갯길,1.2
강원특별자치도 도로관리사업소,국도56호선,37.8717638,127.8366435,37.8658317,127.841785,위임국도,고갯길,1.6
강원특별자치도 도로관리사업소 태백지소,지414호,37.1781378,128.8954273,37.1402979,128.8889967,지방도,고갯길,8
충청북도 옥천군,군도13,36.3578229,127.5867006,36.361321,127.5820431,군도,고갯길,3
충청북도 충주시,신목행대교,37.0175213,127.9204312,37.0232218,127.9224075,군도,교량,0.75
충청북도 충주시,달천교,36.9611915,127.8898011,36.9603919,127.8932865,군도,교량,0.6
충청북도 충주시,목행과선교,37.0064811,127.9169092,37.0087596,127.9153448,군도,교량,0.15
충청남도 금산군 건설과,군도2호선(비들목재),36.1697554,127.5303132,36.1913524,127.5477759,군도,고갯길,4
전라북도 도로관리사업소,지 717호,35.4543201,127.2335218,35.4693963,127.2218022,지방도,고갯길,2
국토교통부 익산지방국토관리청 남원국토관리사무소,국도 21호선,35.4709053,127.0315958,35.4648577,127.0502104,일반국도,고갯길,6
전북특별자치도 도로관리사업소,지방도 706호,36.0583121,126.8702616,36.0552101,126.8640469,지방도,고갯길,1
충청북도 옥천군,군도13,36.3743289,127.6050063,36.3856556,127.6051096,군도,고갯길,2
경상남도 김해시,소로1-74호선,35.228946,128.890106,35.2344348,128.889107,시도,급경사,0.5
충청북도 진천군,군도 1호선,36.7918187,127.4170628,36.7883184,127.4108957,군도,고갯길,1
충청북도 진천군,군도 7호선,36.8266575,127.4448658,36.8189275,127.4447784,군도,고갯길,8
충청북도 진천군,군도 5호선,36.7787858,127.5147131,36.7823198,127.509901,군도,고갯길,1.5
충청북도 괴산군,군도14호선,36.8612209,127.9114822,36.8564901,127.9189452,군도,고갯길,1.5
충청북도 충주시,달천과선교,36.960321,127.8990403,36.9651919,127.9049868,군도,교량,0.8
경상남도 김해시,대로3-1-4,35.2369732,128.8889002,35.2353408,128.9004857,시도,급경사,0.7
경상남도 도로관리사업소 도로보수과,지방도 1077호선,35.5399173,128.9240329,35.5809917,128.9507395,지방도,고갯길,4.2
경상남도 김해시,시도4호선,35.2854326,128.71458,35.2943448,128.73622,시도,급경사,1.5
경상남도 김해시,지방도 1042호선,35.2887105,128.7645931,35.2957466,128.763523,지방도,급경사,1
경상남도 김해시,시도8호선,35.297202,128.8781516,35.3054389,128.9104738,시도,급경사,2
경상남도 김해시,국지도69호선,35.2984209,128.9772243,35.2777496,128.9842586,지방도,급경사,1.5
경상남도 김해시,국지도60호선,35.310297,128.8767219,35.3368861,128.8932476,지방도,급경사,2
경상남도 의령군 안전건설국 건설과,지방도 1011호선,35.385067,128.3145581,35.4111169,128.2941909,지방도,고갯길,4.8
경상남도 합천군,국도24호,35.5779805,128.2393544,35.5630434,128.2523135,일반국도,고갯길,1.9
경상남도 합천군,면도101호,35.5105602,128.2491465,35.5004202,128.2377311,농어촌도로,기타,4.5
경상남도 거창군,거창88로,35.7086101,127.9855954,35.7137113,127.9857522,군도,고갯길,0.6
경상남도 합천군,국도24호,35.6352863,128.0543116,35.6352755,128.0492261,일반국도,기타,0.5
경상남도 합천군,국도24호,35.5675486,128.196873,35.5730813,128.2105925,일반국도,기타,1.4
경상남도 합천군,군도 5호선,35.6330287,128.1295675,35.6209973,128.1338982,군도,기타,1.6
경상남도 합천군,위임국도 59호,35.7193841,128.0970943,35.6998087,128.0765764,위임국도,기타,3.3
경상남도 합천군,국도24호선,35.5138037,128.1987253,35.5089709,128.2072031,일반국도,기타,1.2
경기도 양주시,지방도371호선,37.7860205,126.9507597,37.7600563,126.9666292,지방도,고갯길,1
세종특별자치시,새내로,36.5924927,127.2988072,36.5955868,127.2990076,시도,고가도로,0.35
경상남도 창원시 성산구,충혼로,35.228273,128.658506,35.236632,128.664355,시도,고갯길,1
경상남도 창원시 의창구,운무로,35.3276061,128.5847647,35.3219255,128.5710731,시도,고갯길,2
경상남도 창원시 마산합포구,노산서18길,35.2148303,128.5760748,35.2141436,128.561953,시도,기타,1.3
울산광역시 중구,백양로,35.5741379,129.3124999,35.5735533,129.3151763,구도,고갯길,0.25
경상남도 창원시 의창구,국지도30호선,35.3545904,128.6379621,35.3693316,128.6433649,지방도,고갯길,2
충청북도 옥천군,망월-만월,36.3847739,127.7503831,36.3824953,127.7678282,군도,급경사,1.6
충청북도 옥천군,농도301호선,36.2774572,127.6745919,36.2635921,127.676871,농어촌도로,고갯길,2
울산광역시 중구,성안로,35.561521,129.3196459,35.5719136,129.3149264,시도,고갯길,1.5
울산광역시 중구,북부순환도로,35.5631138,129.3269021,35.569158,129.3319075,시도,고갯길,1
서울특별시 종로구,종로구테스트도로명,37.6044526,126.9612139,37.6023728,126.9612521,일반국도,교차로,3.2
서울특별시 중랑구,용마산로,37.619792,127.105228,37.6172783,127.1042194,시도,고갯길,0.5
경기도 안성시,국지도82호선,37.0979345,127.3407528,37.0979731,127.340703,지방도,고갯길,1
경상남도 통영시,지방도1021호선,34.503593,128.233984,34.502082,128.2423,지방도,기타,0.75
세종특별자치시,와룡로,36.5901671,127.2333865,36.5975299,127.227411,시도,급커브,1.05
세종특별자치시,한누리대로,36.5162032,127.2583397,36.522026,127.2598887,시도,고가도로,0.24
서울특별시 서대문구,성산로,37.564608,126.9290881,37.5646083,126.9291648,시도,램프,0.6
서울특별시 구로구,고척2,37.5005,126.8691,37.4993,126.8687,구도,지하차도,0.34
서울특별시 강동구,명일로,37.5273,127.1419,37.5286,127.1425,구도,고갯길,0.2
인천광역시 연수구,함박뫼로,37.4190168,126.6919803,37.4216255,126.683803,구도,고갯길,0.4
인천광역시 남동구,비류대로,37.4210026,126.7345684,37.4206081,126.7420956,특별시도·광역시도,고가도로,1
강원특별자치도 춘천시,남산102호선,37.761452,127.561364,37.754641,127.569772,군도,고갯길,3.3
강원특별자치도 도로관리사업소 도로보수과,지방도424호,37.5344304,128.3947557,37.5224772,128.3970299,지방도,고갯길,1.7
전라북도 김제시,716호,35.814485,126.9240692,35.81544,126.9269534,지방도,교량,0.5
경기도 광주시,시도23호선,37.4016019,127.2712779,37.3920443,127.2834396,시도,고갯길,1.5
세종특별자치시,한누리대로,36.5344667,127.2952234,36.5362797,127.3016342,시도,교량,0.63
세종특별자치시,세종오송로,36.578557,127.3223803,36.5864962,127.3221755,시도,교량,0.8
세종특별자치시,바람재로,36.4430923,127.3263775,36.4550391,127.3266068,시도,고갯길,1.5
세종특별자치시,청연로,36.543933,127.3348516,36.5468776,127.3321142,시도,고갯길,0.6
